Country,PERSONS_FULLY_VACCINATED_PER100,VACCINES_USED
Afghanistan,34.261,AstraZeneca - Vaxzevria
Afghanistan,34.261,Beijing CNBG - BBIBP-CorV
Afghanistan,34.261,Bharat - Covaxin
Afghanistan,34.261,CanSino - Convidecia
Afghanistan,34.261,Gamaleya - Gam-Covid-Vac
Afghanistan,34.261,Gamaleya - Sputnik-Light
Afghanistan,34.261,Janssen - Ad26.COV 2-S
Afghanistan,34.261,Moderna - Spikevax
Afghanistan,34.261,Pfizer BioNTech - Comirnaty
Afghanistan,34.261,SII - Covishield
Afghanistan,34.261,Sinovac - CoronaVac
Albania,44.791,AstraZeneca - Vaxzevria
Albania,44.791,Gamaleya - Gam-Covid-Vac
Albania,44.791,Pfizer BioNTech - Comirnaty
Albania,44.791,SII - Covishield
Albania,44.791,Sinovac - CoronaVac
Algeria,14.78,Beijing CNBG - BBIBP-CorV
Algeria,14.78,Gamaleya - Gam-Covid-Vac
Algeria,14.78,SII - Covishield
Algeria,14.78,Sinovac - CoronaVac
American Samoa,77.082,Janssen - Ad26.COV 2-S
American Samoa,77.082,Moderna - Spikevax
American Samoa,77.082,Pfizer BioNTech - Comirnaty
Andorra,70.221,AstraZeneca - Vaxzevria
Andorra,70.221,Moderna - Spikevax
Andorra,70.221,Pfizer BioNTech - Comirnaty
Angola,25.875,SII - Covishield
Anguilla,69.191,AstraZeneca - Vaxzevria
Anguilla,69.191,Pfizer BioNTech - Comirnaty
Antigua and Barbuda,63.703,AstraZeneca - Vaxzevria
Antigua and Barbuda,63.703,Beijing CNBG - BBIBP-CorV
Antigua and Barbuda,63.703,Gamaleya - Gam-Covid-Vac
Antigua and Barbuda,63.703,Janssen - Ad26.COV 2-S
Antigua and Barbuda,63.703,Pfizer BioNTech - Comirnaty
Antigua and Barbuda,63.703,SII - Covishield
Argentina,83.725,AstraZeneca - Vaxzevria
Argentina,83.725,Beijing CNBG - BBIBP-CorV
Argentina,83.725,CanSino - Convidecia
Argentina,83.725,Gamaleya - Gam-Covid-Vac
Argentina,83.725,Moderna - Spikevax
Argentina,83.725,Pfizer BioNTech - Comirnaty
Argentina,83.725,SII - Covishield
Armenia,33.268,AstraZeneca - Vaxzevria
Armenia,33.268,Beijing CNBG - BBIBP-CorV
Armenia,33.268,Gamaleya - Gam-Covid-Vac
Armenia,33.268,Gamaleya - Sputnik-Light
Armenia,33.268,Moderna - Spikevax
Armenia,33.268,Pfizer BioNTech - Comirnaty
Armenia,33.268,Sinovac - CoronaVac
Armenia,33.268,Wuhan CNBG - Inactivated
Aruba,78.756,Janssen - Ad26.COV 2-S
Aruba,78.756,Pfizer BioNTech - Comirnaty
Australia,84.911,AstraZeneca - Vaxzevria
Australia,84.911,Janssen - Ad26.COV 2-S
Australia,84.911,Moderna - Spikevax
Australia,84.911,Novavax-NUVAXOVID
Australia,84.911,Pfizer BioNTech - Comirnaty
Austria,75.052,AstraZeneca - Vaxzevria
Austria,75.052,Janssen - Ad26.COV 2-S
Austria,75.052,Moderna - Spikevax
Austria,75.052,Moderna – Spikevax Bivalent Original/Omicron BA.1
Austria,75.052,Novavax-NUVAXOVID
Austria,75.052,Pfizer BioNTech - Comirnaty
Austria,75.052,Pfizer BioNTech - Comirnaty Bivalent Original/Omicron BA.1
Austria,75.052,Pfizer BioNTech - Comirnaty Bivalent Original/Omicron BA.4/BA.5
Austria,75.052,Unknown Vaccine
Austria,75.052,Valneva - VLA2001
Azerbaijan,48.141,AstraZeneca - Vaxzevria
Azerbaijan,48.141,Gamaleya - Gam-Covid-Vac
Azerbaijan,48.141,Gamaleya - Sputnik-Light
Azerbaijan,48.141,Pfizer BioNTech - Comirnaty
Azerbaijan,48.141,Sinovac - CoronaVac
Bahamas,42.12,AstraZeneca - Vaxzevria
Bahamas,42.12,Janssen - Ad26.COV 2-S
Bahamas,42.12,Pfizer BioNTech - Comirnaty
Bahamas,42.12,SII - Covishield
Bahrain,72.098,AstraZeneca - Vaxzevria
Bahrain,72.098,Beijing CNBG - BBIBP-CorV
Bahrain,72.098,Bharat - Covaxin
Bahrain,72.098,CanSino - Convidecia
Bahrain,72.098,Gamaleya - Gam-Covid-Vac
Bahrain,72.098,Gamaleya - Sputnik-Light
Bahrain,72.098,Janssen - Ad26.COV 2-S
Bahrain,72.098,Moderna - Spikevax
Bahrain,72.098,Pfizer BioNTech - Comirnaty
Bahrain,72.098,SII - Covishield
Bahrain,72.098,Sinovac - CoronaVac
Bangladesh,83.018,AstraZeneca - Vaxzevria
Bangladesh,83.018,Beijing CNBG - BBIBP-CorV
Bangladesh,83.018,Gamaleya - Gam-Covid-Vac
Bangladesh,83.018,Janssen - Ad26.COV 2-S
Bangladesh,83.018,Moderna - Spikevax
Bangladesh,83.018,Pfizer BioNTech - Comirnaty
Bangladesh,83.018,SII - Covishield
Bangladesh,83.018,Sinovac - CoronaVac
Barbados,53.94,AstraZeneca - Vaxzevria
Barbados,53.94,Beijing CNBG - BBIBP-CorV
Barbados,53.94,Janssen - Ad26.COV 2-S
Barbados,53.94,Pfizer BioNTech - Comirnaty
Barbados,53.94,SII - Covishield
Belarus,67.844,Beijing CNBG - BBIBP-CorV
Belarus,67.844,Chumakov - Covi-Vac
Belarus,67.844,Gamaleya - Gam-Covid-Vac
Belarus,67.844,Gamaleya - Sputnik-Light
Belgium,79.476,AstraZeneca - Vaxzevria
Belgium,79.476,Janssen - Ad26.COV 2-S
Belgium,79.476,Moderna - Spikevax
Belgium,79.476,Pfizer BioNTech - Comirnaty
Belize,55.667,AstraZeneca - Vaxzevria
Belize,55.667,Beijing CNBG - BBIBP-CorV
Belize,55.667,Janssen - Ad26.COV 2-S
Belize,55.667,Pfizer BioNTech - Comirnaty
Belize,55.667,SII - Covishield
Benin,22.625,AstraZeneca - Vaxzevria
Benin,22.625,Janssen - Ad26.COV 2-S
Benin,22.625,Pfizer BioNTech - Comirnaty
Benin,22.625,SII - Covishield
Benin,22.625,Sinovac - CoronaVac
Bermuda,76.529,AstraZeneca - Vaxzevria
Bermuda,76.529,Moderna - Spikevax
Bermuda,76.529,Pfizer BioNTech - Comirnaty
Bhutan,87.826,AstraZeneca - Vaxzevria
Bhutan,87.826,Beijing CNBG - BBIBP-CorV
Bhutan,87.826,Moderna - Spikevax
Bhutan,87.826,Pfizer BioNTech - Comirnaty
Bhutan,87.826,SII - Covishield
Bolivia (Plurinational State of),53.674,AstraZeneca - Vaxzevria
Bolivia (Plurinational State of),53.674,Beijing CNBG - BBIBP-CorV
Bolivia (Plurinational State of),53.674,Gamaleya - Gam-Covid-Vac
Bolivia (Plurinational State of),53.674,Janssen - Ad26.COV 2-S
Bolivia (Plurinational State of),53.674,Moderna - Spikevax
Bolivia (Plurinational State of),53.674,Pfizer BioNTech - Comirnaty
Bolivia (Plurinational State of),53.674,SII - Covishield
"Bonaire, Sint Eustatius and Saba",64.401,Moderna - mRNA-1273
"Bonaire, Sint Eustatius and Saba",64.401, Pfizer BioNTech - Comirnaty
Bosnia and Herzegovina,25.789,AstraZeneca - AZD1222
Bosnia and Herzegovina,25.789, Pfizer BioNTech - Comirnaty
Bosnia and Herzegovina,25.789, Sinovac - CoronaVac
Bosnia and Herzegovina,25.789, Gamaleya - Sputnik V
Botswana,69.219,Bharat - Covaxin
Botswana,69.219,Janssen - Ad26.COV 2-S
Botswana,69.219,Moderna - Spikevax
Botswana,69.219,Pfizer BioNTech - Comirnaty
Botswana,69.219,SII - Covishield
Botswana,69.219,Sinovac - CoronaVac
Brazil,79.787,AstraZeneca - Vaxzevria
Brazil,79.787,Janssen - Ad26.COV 2-S
Brazil,79.787,Pfizer BioNTech - Comirnaty
Brazil,79.787,SII - Covishield
Brazil,79.787,Sinovac - CoronaVac
British Virgin Islands,60.393,AstraZeneca - Vaxzevria
British Virgin Islands,60.393,Janssen - Ad26.COV 2-S
Brunei Darussalam,102.061,AstraZeneca - Vaxzevria
Brunei Darussalam,102.061,Beijing CNBG - BBIBP-CorV
Brunei Darussalam,102.061,Janssen - Ad26.COV 2-S
Brunei Darussalam,102.061,Moderna - Spikevax
Brunei Darussalam,102.061,Pfizer BioNTech - Comirnaty
Bulgaria,29.894,AstraZeneca - Vaxzevria
Bulgaria,29.894,Janssen - Ad26.COV 2-S
Bulgaria,29.894,Moderna - Spikevax
Bulgaria,29.894,Pfizer BioNTech - Comirnaty
Burkina Faso,16.755,Beijing CNBG - BBIBP-CorV
Burkina Faso,16.755,Janssen - Ad26.COV 2-S
Burkina Faso,16.755,SII - Covishield
Burundi,0.273,Beijing CNBG - BBIBP-CorV
Cabo Verde,55.526,Beijing CNBG - BBIBP-CorV
Cabo Verde,55.526,Moderna - Spikevax
Cabo Verde,55.526,Pfizer BioNTech - Comirnaty
Cabo Verde,55.526,SII - Covishield
Cambodia,87.574,AstraZeneca - Vaxzevria
Cambodia,87.574,Beijing CNBG - BBIBP-CorV
Cambodia,87.574,Janssen - Ad26.COV 2-S
Cambodia,87.574,Moderna - Spikevax
Cambodia,87.574,Pfizer BioNTech - Comirnaty
Cambodia,87.574,SII - Covishield
Cambodia,87.574,Sinovac - CoronaVac
Cameroon,10.894,Beijing CNBG - BBIBP-CorV
Cameroon,10.894,Janssen - Ad26.COV 2-S
Cameroon,10.894,Pfizer BioNTech - Comirnaty
Cameroon,10.894,SII - Covishield
Canada,82.896,AstraZeneca - Vaxzevria
Canada,82.896,Janssen - Ad26.COV 2-S
Canada,82.896,Moderna - Spikevax
Canada,82.896,Pfizer BioNTech - Comirnaty
Canada,82.896,SII - Covishield
Cayman Islands,92.193,Pfizer BioNTech - Comirnaty
Central African Republic,45.068,Bharat - Covaxin
Central African Republic,45.068,SII - Covishield
Chad,37.217,Beijing CNBG - BBIBP-CorV
Chile,92.592,AstraZeneca - Vaxzevria
Chile,92.592,CanSino - Convidecia
Chile,92.592,Moderna - Spikevax
Chile,92.592,Pfizer BioNTech - Comirnaty
Chile,92.592,Sinovac - CoronaVac
China,86.819,Anhui ZL - Zifivax
China,86.819,Beijing CNBG - BBIBP-CorV
China,86.819,CanSino - Convidecia
China,86.819,IMB - Covidful
China,86.819,Pfizer BioNTech - Comirnaty
China,86.819,Shenzhen - LV-SMENP-DC
China,86.819,Sinovac - CoronaVac
China,86.819,Wuhan CNBG - Inactivated
Colombia,72.615,AstraZeneca - Vaxzevria
Colombia,72.615,Janssen - Ad26.COV 2-S
Colombia,72.615,Moderna - Spikevax
Colombia,72.615,Pfizer BioNTech - Comirnaty
Colombia,72.615,Sinovac - CoronaVac
Comoros,45.662,Beijing CNBG - BBIBP-CorV
Comoros,45.662,Bharat - Covaxin
Comoros,45.662,SII - Covishield
Congo,11.854,Beijing CNBG - BBIBP-CorV
Congo,11.854,Gamaleya - Gam-Covid-Vac
Congo,11.854,Moderna - Spikevax
Congo,11.854,SII - Covishield
Cook Islands,83.557,Pfizer BioNTech - Comirnaty
Costa Rica,84.695,AstraZeneca - Vaxzevria
Costa Rica,84.695,Moderna - Spikevax
Costa Rica,84.695,Pfizer BioNTech - Comirnaty
Côte d’Ivoire,46.115,Beijing CNBG - BBIBP-CorV
Côte d’Ivoire,46.115,Gamaleya - Gam-Covid-Vac
Côte d’Ivoire,46.115,Janssen - Ad26.COV 2-S
Côte d’Ivoire,46.115,Pfizer BioNTech - Comirnaty
Côte d’Ivoire,46.115,SII - Covishield
Croatia,55.3,AstraZeneca - Vaxzevria
Croatia,55.3,Janssen - Ad26.COV 2-S
Croatia,55.3,Moderna - Spikevax
Croatia,55.3,Novavax-NUVAXOVID
Croatia,55.3,Pfizer BioNTech - Comirnaty
Croatia,55.3,Unknown Vaccine
Cuba,88.352,CIGB - CIGB-66
Cuba,88.352,Finlay - Soberana Plus
Cuba,88.352,Finlay - Soberana-02
Curaçao,61.48,AstraZeneca - Vaxzevria
Curaçao,61.48,Moderna - Spikevax
Curaçao,61.48,Pfizer BioNTech - Comirnaty
Cyprus,73.868,AstraZeneca - Vaxzevria
Cyprus,73.868,Janssen - Ad26.COV 2-S
Cyprus,73.868,Moderna - Spikevax
Cyprus,73.868,Novavax-NUVAXOVID
Cyprus,73.868,Pfizer BioNTech - Comirnaty
Czechia,64.397,AstraZeneca - Vaxzevria
Czechia,64.397,Janssen - Ad26.COV 2-S
Czechia,64.397,Moderna - Spikevax
Czechia,64.397,Novavax-NUVAXOVID
Czechia,64.397,Pfizer BioNTech - Comirnaty
Czechia,64.397,Pfizer BioNTech - Comirnaty Bivalent Original/Omicron BA.1
Czechia,64.397,Pfizer BioNTech - Comirnaty Bivalent Original/Omicron BA.4/BA.5
Democratic Republic of the Congo,10.204,SII - Covishield
Denmark,82.159,AstraZeneca - Vaxzevria
Denmark,82.159,Janssen - Ad26.COV 2-S
Denmark,82.159,Moderna - Spikevax
Denmark,82.159,Pfizer BioNTech - Comirnaty
Denmark,82.159,Unknown Vaccine
Djibouti,35.078,AstraZeneca - Vaxzevria
Djibouti,35.078,Beijing CNBG - BBIBP-CorV
Djibouti,35.078,Bharat - Covaxin
Djibouti,35.078,CanSino - Convidecia
Djibouti,35.078,Gamaleya - Gam-Covid-Vac
Djibouti,35.078,Gamaleya - Sputnik-Light
Djibouti,35.078,Janssen - Ad26.COV 2-S
Djibouti,35.078,Moderna - Spikevax
Djibouti,35.078,Pfizer BioNTech - Comirnaty
Djibouti,35.078,SII - Covishield
Djibouti,35.078,Sinovac - CoronaVac
Dominica,42.587,AstraZeneca - Vaxzevria
Dominica,42.587,Beijing CNBG - BBIBP-CorV
Dominica,42.587,Moderna - Spikevax
Dominica,42.587,Pfizer BioNTech - Comirnaty
Dominica,42.587,SII - Covishield
Dominican Republic,56.048,AstraZeneca - Vaxzevria
Dominican Republic,56.048,SII - Covishield
Dominican Republic,56.048,Sinovac - CoronaVac
Ecuador,80.656,AstraZeneca - Vaxzevria
Ecuador,80.656,CanSino - Convidecia
Ecuador,80.656,Pfizer BioNTech - Comirnaty
Ecuador,80.656,Sinovac - CoronaVac
Egypt,40.162,AstraZeneca - Vaxzevria
Egypt,40.162,Beijing CNBG - BBIBP-CorV
Egypt,40.162,Bharat - Covaxin
Egypt,40.162,CanSino - Convidecia
Egypt,40.162,Gamaleya - Gam-Covid-Vac
Egypt,40.162,Gamaleya - Sputnik-Light
Egypt,40.162,Janssen - Ad26.COV 2-S
Egypt,40.162,Moderna - Spikevax
Egypt,40.162,Pfizer BioNTech - Comirnaty
Egypt,40.162,Sinovac - CoronaVac
El Salvador,67.633,AstraZeneca - Vaxzevria
El Salvador,67.633,Beijing CNBG - BBIBP-CorV
El Salvador,67.633,Moderna - Spikevax
El Salvador,67.633,Pfizer BioNTech - Comirnaty
El Salvador,67.633,SII - Covishield
El Salvador,67.633,Sinovac - CoronaVac
Equatorial Guinea,15.255,Beijing CNBG - BBIBP-CorV
Equatorial Guinea,15.255,Sinovac - CoronaVac
Estonia,62.886,AstraZeneca - Vaxzevria
Estonia,62.886,Janssen - Ad26.COV 2-S
Estonia,62.886,Moderna - Spikevax
Estonia,62.886,Moderna – Spikevax Bivalent Original/Omicron BA.1
Estonia,62.886,Novavax-NUVAXOVID
Estonia,62.886,Pfizer BioNTech - Comirnaty
Estonia,62.886,Pfizer BioNTech - Comirnaty Bivalent Original/Omicron BA.1
Estonia,62.886,Pfizer BioNTech - Comirnaty Bivalent Original/Omicron BA.4/BA.5
Eswatini,35.985,Janssen - Ad26.COV 2-S
Eswatini,35.985,Pfizer BioNTech - Comirnaty
Eswatini,35.985,SII - Covishield
Ethiopia,32.477,Beijing CNBG - BBIBP-CorV
Ethiopia,32.477,Bharat - Covaxin
Ethiopia,32.477,Janssen - Ad26.COV 2-S
Ethiopia,32.477,SII - Covishield
Falkland Islands (Malvinas),85.444,AstraZeneca - AZD1222
Faroe Islands,83.69,Moderna - mRNA-1273
Faroe Islands,83.69, Pfizer BioNTech - Comirnaty
Fiji,71.493,AstraZeneca - Vaxzevria
Fiji,71.493,Moderna - Spikevax
Fiji,71.493,SII - Covishield
Finland,78.977,AstraZeneca - Vaxzevria
Finland,78.977,Janssen - Ad26.COV 2-S
Finland,78.977,Moderna - Spikevax
Finland,78.977,Pfizer BioNTech - Comirnaty
Finland,78.977,Unknown Vaccine
France,78.958,AstraZeneca - Vaxzevria
France,78.958,Janssen - Ad26.COV 2-S
France,78.958,Moderna - Spikevax
France,78.958,Novavax-NUVAXOVID
France,78.958,Pfizer BioNTech - Comirnaty
France,78.958,Unknown Vaccine
French Guiana,30.193,Moderna - Spikevax
French Guiana,30.193,Pfizer BioNTech - Comirnaty
French Polynesia,58.345,Janssen - Ad26.COV 2-S
French Polynesia,58.345,Pfizer BioNTech - Comirnaty
Gabon,11.568,Beijing CNBG - BBIBP-CorV
Gabon,11.568,Gamaleya - Gam-Covid-Vac
Gabon,11.568,Pfizer BioNTech - Comirnaty
Gambia,18.866,Beijing CNBG - BBIBP-CorV
Gambia,18.866,SII - Covishield
Georgia,29.682,AstraZeneca - Vaxzevria
Georgia,29.682,Beijing CNBG - BBIBP-CorV
Georgia,29.682,Pfizer BioNTech - Comirnaty
Georgia,29.682,Sinovac - CoronaVac
Germany,76.421,AstraZeneca - Vaxzevria
Germany,76.421,Janssen - Ad26.COV 2-S
Germany,76.421,Moderna - Spikevax
Germany,76.421,Moderna – Spikevax Bivalent Original/Omicron  - Generic
Germany,76.421,Novavax-NUVAXOVID
Germany,76.421,Pfizer BioNTech - Comirnaty
Germany,76.421,Pfizer BioNTech - Comirnaty Bivalent Original/Omicron - Generic
Germany,76.421,Unknown Vaccine
Germany,76.421,Valneva - VLA2001
Ghana,31.56,Gamaleya - Gam-Covid-Vac
Ghana,31.56,SII - Covishield
Gibraltar,123.074,AstraZeneca - AZD1222
Gibraltar,123.074, Pfizer BioNTech - Comirnaty
Greece,72.236,AstraZeneca - Vaxzevria
Greece,72.236,Janssen - Ad26.COV 2-S
Greece,72.236,Moderna - Spikevax
Greece,72.236,Novavax-NUVAXOVID
Greece,72.236,Pfizer BioNTech - Comirnaty
Greece,72.236,Pfizer BioNTech - Comirnaty Bivalent Original/Omicron BA.1
Greece,72.236,Pfizer BioNTech - Comirnaty Bivalent Original/Omicron BA.4/BA.5
Greenland,67.834,Moderna - mRNA-1273
Grenada,34.637,AstraZeneca - Vaxzevria
Grenada,34.637,Janssen - Ad26.COV 2-S
Grenada,34.637,Moderna - Spikevax
Grenada,34.637,Pfizer BioNTech - Comirnaty
Grenada,34.637,SII - Covishield
Guadeloupe,36.408,AstraZeneca - Vaxzevria
Guadeloupe,36.408,Janssen - Ad26.COV 2-S
Guadeloupe,36.408,Moderna - Spikevax
Guadeloupe,36.408,Novavax-NUVAXOVID
Guadeloupe,36.408,Pfizer BioNTech - Comirnaty
Guam,83.551,Janssen - Ad26.COV 2-S
Guam,83.551,Moderna - Spikevax
Guam,83.551,Pfizer BioNTech - Comirnaty
Guatemala,39.532,AstraZeneca - Vaxzevria
Guatemala,39.532,Gamaleya - Gam-Covid-Vac
Guatemala,39.532,Moderna - Spikevax
Guatemala,39.532,Pfizer BioNTech - Comirnaty
Guatemala,39.532,SII - Covishield
Guernsey,81.761,Moderna - mRNA-1273
Guernsey,81.761, AstraZeneca - AZD1222
Guernsey,81.761, Pfizer BioNTech - Comirnaty
Guinea,35.855,Beijing CNBG - BBIBP-CorV
Guinea,35.855,Gamaleya - Gam-Covid-Vac
Guinea,35.855,Janssen - Ad26.COV 2-S
Guinea,35.855,Pfizer BioNTech - Comirnaty
Guinea,35.855,SII - Covishield
Guinea,35.855,Sinovac - CoronaVac
Guinea-Bissau,18.392,Beijing CNBG - BBIBP-CorV
Guinea-Bissau,18.392,SII - Covishield
Guyana,48.327,AstraZeneca - Vaxzevria
Guyana,48.327,Beijing CNBG - BBIBP-CorV
Guyana,48.327,Gamaleya - Gam-Covid-Vac
Guyana,48.327,Janssen - Ad26.COV 2-S
Guyana,48.327,Moderna - Spikevax
Guyana,48.327,Pfizer BioNTech - Comirnaty
Guyana,48.327,SII - Covishield
Haiti,2.09,Janssen - Ad26.COV 2-S
Haiti,2.09,Moderna - Spikevax
Honduras,58.487,AstraZeneca - Vaxzevria
Honduras,58.487,Gamaleya - Gam-Covid-Vac
Honduras,58.487,Janssen - Ad26.COV 2-S
Honduras,58.487,Moderna - Spikevax
Honduras,58.487,Pfizer BioNTech - Comirnaty
Honduras,58.487,SII - Covishield
Hungary,62.963,AstraZeneca - Vaxzevria
Hungary,62.963,Beijing CNBG - BBIBP-CorV
Hungary,62.963,Gamaleya - Gam-Covid-Vac
Hungary,62.963,Janssen - Ad26.COV 2-S
Hungary,62.963,Moderna - Spikevax
Hungary,62.963,Pfizer BioNTech - Comirnaty
Hungary,62.963,Pfizer BioNTech - Comirnaty Bivalent Original/Omicron BA.1
Hungary,62.963,Sinovac - CoronaVac
Iceland,81.805,AstraZeneca - Vaxzevria
Iceland,81.805,Janssen - Ad26.COV 2-S
Iceland,81.805,Moderna - Spikevax
Iceland,81.805,Novavax-NUVAXOVID
Iceland,81.805,Pfizer BioNTech - Comirnaty
India,68.975,Bharat - Covaxin
India,68.975,Biological E - Corbevax
India,68.975,Gamaleya - Gam-Covid-Vac
India,68.975,Janssen - Ad26.COV 2-S
India,68.975,Moderna - Spikevax
India,68.975,SII - Covishield
India,68.975,SII - Covovax
India,68.975,Zydus - ZyCov-D
Indonesia,63.137,AstraZeneca - Vaxzevria
Indonesia,63.137,Beijing CNBG - BBIBP-CorV
Indonesia,63.137,Janssen - Ad26.COV 2-S
Indonesia,63.137,Moderna - Spikevax
Indonesia,63.137,Novavax-NUVAXOVID
Indonesia,63.137,Pfizer BioNTech - Comirnaty
Indonesia,63.137,Sinovac - CoronaVac
Iran (Islamic Republic of),69.702,AstraZeneca - Vaxzevria
Iran (Islamic Republic of),69.702,Beijing CNBG - BBIBP-CorV
Iran (Islamic Republic of),69.702,Bharat - Covaxin
Iran (Islamic Republic of),69.702,CanSino - Convidecia
Iran (Islamic Republic of),69.702,Finlay - Soberana-02
Iran (Islamic Republic of),69.702,Gamaleya - Gam-Covid-Vac
Iran (Islamic Republic of),69.702,Gamaleya - Sputnik-Light
Iran (Islamic Republic of),69.702,Janssen - Ad26.COV 2-S
Iran (Islamic Republic of),69.702,Moderna - Spikevax
Iran (Islamic Republic of),69.702,Pfizer BioNTech - Comirnaty
Iran (Islamic Republic of),69.702,Shifa - COVIran Barakat
Iran (Islamic Republic of),69.702,Sinovac - CoronaVac
Iraq,19.752,AstraZeneca - Vaxzevria
Iraq,19.752,Beijing CNBG - BBIBP-CorV
Iraq,19.752,Bharat - Covaxin
Iraq,19.752,CanSino - Convidecia
Iraq,19.752,Gamaleya - Gam-Covid-Vac
Iraq,19.752,Gamaleya - Sputnik-Light
Iraq,19.752,Janssen - Ad26.COV 2-S
Iraq,19.752,Moderna - Spikevax
Iraq,19.752,Pfizer BioNTech - Comirnaty
Iraq,19.752,Sinovac - CoronaVac
Ireland,81.776,AstraZeneca - Vaxzevria
Ireland,81.776,Janssen - Ad26.COV 2-S
Ireland,81.776,Moderna - Spikevax
Ireland,81.776,Novavax-NUVAXOVID
Ireland,81.776,Pfizer BioNTech - Comirnaty
Isle of Man,78.919,Moderna - mRNA-1273
Isle of Man,78.919, AstraZeneca - AZD1222
Isle of Man,78.919, Pfizer BioNTech - Comirnaty
Israel,73.776,AstraZeneca - Vaxzevria
Israel,73.776,Moderna - Spikevax
Israel,73.776,Pfizer BioNTech - Comirnaty
Italy,82.962,AstraZeneca - Vaxzevria
Italy,82.962,Janssen - Ad26.COV 2-S
Italy,82.962,Moderna - Spikevax
Italy,82.962,Moderna – Spikevax Bivalent Original/Omicron BA.1
Italy,82.962,Novavax-NUVAXOVID
Italy,82.962,Pfizer BioNTech - Comirnaty
Italy,82.962,Pfizer BioNTech - Comirnaty Bivalent Original/Omicron BA.1
Italy,82.962,Pfizer BioNTech - Comirnaty Bivalent Original/Omicron BA.4/BA.5
Jamaica,25.246,AstraZeneca - Vaxzevria
Jamaica,25.246,Beijing CNBG - BBIBP-CorV
Jamaica,25.246,Janssen - Ad26.COV 2-S
Jamaica,25.246,Pfizer BioNTech - Comirnaty
Jamaica,25.246,SII - Covishield
Japan,81.686,AstraZeneca - Vaxzevria
Japan,81.686,Moderna - Spikevax
Japan,81.686,Novavax-NUVAXOVID
Japan,81.686,Pfizer BioNTech - Comirnaty
Jersey,75.96,Moderna - mRNA-1273
Jersey,75.96, AstraZeneca - AZD1222
Jersey,75.96, Pfizer BioNTech - Comirnaty
Jordan,44.676,AstraZeneca - Vaxzevria
Jordan,44.676,Beijing CNBG - BBIBP-CorV
Jordan,44.676,Bharat - Covaxin
Jordan,44.676,CanSino - Convidecia
Jordan,44.676,Gamaleya - Gam-Covid-Vac
Jordan,44.676,Gamaleya - Sputnik-Light
Jordan,44.676,Janssen - Ad26.COV 2-S
Jordan,44.676,Moderna - Spikevax
Jordan,44.676,Pfizer BioNTech - Comirnaty
Jordan,44.676,Sinovac - CoronaVac
Kazakhstan,69.467,Beijing CNBG - BBIBP-CorV
Kazakhstan,69.467,Gamaleya - Gam-Covid-Vac
Kazakhstan,69.467,Pfizer BioNTech - Comirnaty
Kazakhstan,69.467,RIBSP - QazVac
Kazakhstan,69.467,Sinovac - CoronaVac
Kenya,20.36,Beijing CNBG - BBIBP-CorV
Kenya,20.36,Janssen - Ad26.COV 2-S
Kenya,20.36,Moderna - Spikevax
Kenya,20.36,Pfizer BioNTech - Comirnaty
Kenya,20.36,SII - Covishield
Kiribati,68.208,AstraZeneca - Vaxzevria
Kiribati,68.208,Beijing CNBG - BBIBP-CorV
Kosovo,45.93,AstraZeneca - Vaxzevria
Kosovo,45.93,Pfizer BioNTech - Comirnaty
Kuwait,78.326,AstraZeneca - Vaxzevria
Kuwait,78.326,Beijing CNBG - BBIBP-CorV
Kuwait,78.326,Bharat - Covaxin
Kuwait,78.326,CanSino - Convidecia
Kuwait,78.326,Gamaleya - Gam-Covid-Vac
Kuwait,78.326,Gamaleya - Sputnik-Light
Kuwait,78.326,Janssen - Ad26.COV 2-S
Kuwait,78.326,Moderna - Spikevax
Kuwait,78.326,Pfizer BioNTech - Comirnaty
Kuwait,78.326,Sinovac - CoronaVac
Kyrgyzstan,20.211,AstraZeneca - Vaxzevria
Kyrgyzstan,20.211,Beijing CNBG - BBIBP-CorV
Kyrgyzstan,20.211,Gamaleya - Gam-Covid-Vac
Kyrgyzstan,20.211,Moderna - Spikevax
Kyrgyzstan,20.211,Pfizer BioNTech - Comirnaty
Kyrgyzstan,20.211,RIBSP - QazVac
Lao People's Democratic Republic,77.637,AstraZeneca - Vaxzevria
Lao People's Democratic Republic,77.637,Beijing CNBG - BBIBP-CorV
Lao People's Democratic Republic,77.637,Gamaleya - Gam-Covid-Vac
Lao People's Democratic Republic,77.637,Gamaleya - Sputnik-Light
Lao People's Democratic Republic,77.637,Janssen - Ad26.COV 2-S
Lao People's Democratic Republic,77.637,Pfizer BioNTech - Comirnaty
Lao People's Democratic Republic,77.637,SII - Covishield
Lao People's Democratic Republic,77.637,Sinovac - CoronaVac
Latvia,68.379,AstraZeneca - Vaxzevria
Latvia,68.379,Janssen - Ad26.COV 2-S
Latvia,68.379,Moderna - Spikevax
Latvia,68.379,Novavax-NUVAXOVID
Latvia,68.379,Pfizer BioNTech - Comirnaty
Lebanon,35.371,AstraZeneca - Vaxzevria
Lebanon,35.371,Beijing CNBG - BBIBP-CorV
Lebanon,35.371,Bharat - Covaxin
Lebanon,35.371,CanSino - Convidecia
Lebanon,35.371,Gamaleya - Gam-Covid-Vac
Lebanon,35.371,Gamaleya - Sputnik-Light
Lebanon,35.371,Janssen - Ad26.COV 2-S
Lebanon,35.371,Moderna - Spikevax
Lebanon,35.371,Pfizer BioNTech - Comirnaty
Lebanon,35.371,Sinovac - CoronaVac
Lesotho,43.54,Beijing CNBG - BBIBP-CorV
Lesotho,43.54,Janssen - Ad26.COV 2-S
Lesotho,43.54,SII - Covishield
Liberia,73.768,SII - Covishield
Libya,17.989,AstraZeneca - Vaxzevria
Libya,17.989,Beijing CNBG - BBIBP-CorV
Libya,17.989,Bharat - Covaxin
Libya,17.989,CanSino - Convidecia
Libya,17.989,Gamaleya - Gam-Covid-Vac
Libya,17.989,Gamaleya - Sputnik-Light
Libya,17.989,Janssen - Ad26.COV 2-S
Libya,17.989,Moderna - Spikevax
Libya,17.989,Pfizer BioNTech - Comirnaty
Libya,17.989,Sinovac - CoronaVac
Liechtenstein,67.995,Janssen - Ad26.COV 2-S
Liechtenstein,67.995,Moderna - Spikevax
Liechtenstein,67.995,Pfizer BioNTech - Comirnaty
Lithuania,68.235,AstraZeneca - Vaxzevria
Lithuania,68.235,Janssen - Ad26.COV 2-S
Lithuania,68.235,Moderna - Spikevax
Lithuania,68.235,Pfizer BioNTech - Comirnaty
Lithuania,68.235,Unknown Vaccine
Luxembourg,73.89,AstraZeneca - Vaxzevria
Luxembourg,73.89,Janssen - Ad26.COV 2-S
Luxembourg,73.89,Moderna - Spikevax
Luxembourg,73.89,Moderna – Spikevax Bivalent Original/Omicron BA.1
Luxembourg,73.89,Novavax-NUVAXOVID
Luxembourg,73.89,Pfizer BioNTech - Comirnaty
Luxembourg,73.89,Pfizer BioNTech - Comirnaty Bivalent Original/Omicron BA.1
Luxembourg,73.89,Pfizer BioNTech - Comirnaty Bivalent Original/Omicron BA.4/BA.5
Madagascar,8.143,Beijing CNBG - BBIBP-CorV
Madagascar,8.143,Janssen - Ad26.COV 2-S
Madagascar,8.143,SII - Covishield
Malawi,20.623,Janssen - Ad26.COV 2-S
Malawi,20.623,SII - Covishield
Malaysia,85.079,AstraZeneca - Vaxzevria
Malaysia,85.079,Beijing CNBG - BBIBP-CorV
Malaysia,85.079,CanSino - Convidecia
Malaysia,85.079,Gamaleya - Gam-Covid-Vac
Malaysia,85.079,Janssen - Ad26.COV 2-S
Malaysia,85.079,Moderna - Spikevax
Malaysia,85.079,Pfizer BioNTech - Comirnaty
Malaysia,85.079,Sinovac - CoronaVac
Maldives,71.243,AstraZeneca - Vaxzevria
Maldives,71.243,Beijing CNBG - BBIBP-CorV
Maldives,71.243,Gamaleya - Gam-Covid-Vac
Maldives,71.243,Janssen - Ad26.COV 2-S
Maldives,71.243,Moderna - Spikevax
Maldives,71.243,Pfizer BioNTech - Comirnaty
Maldives,71.243,SII - Covishield
Maldives,71.243,Sinovac - CoronaVac
Mali,14.589,SII - Covishield
Malta,86.458,AstraZeneca - Vaxzevria
Malta,86.458,Janssen - Ad26.COV 2-S
Malta,86.458,Moderna - Spikevax
Malta,86.458,Pfizer BioNTech - Comirnaty
Marshall Islands,66.85,Janssen - Ad26.COV 2-S
Marshall Islands,66.85,Moderna - Spikevax
Marshall Islands,66.85,Pfizer BioNTech - Comirnaty
Martinique,38.719,Pfizer BioNTech - Comirnaty
Mauritania,33.074,Beijing CNBG - BBIBP-CorV
Mauritania,33.074,SII - Covishield
Mauritius,85.561,Beijing CNBG - BBIBP-CorV
Mauritius,85.561,Bharat - Covaxin
Mauritius,85.561,SII - Covishield
Mexico,63.483,AstraZeneca - Vaxzevria
Mexico,63.483,CanSino - Convidecia
Mexico,63.483,CIGB - CIGB-66
Mexico,63.483,Gamaleya - Gam-Covid-Vac
Mexico,63.483,Janssen - Ad26.COV 2-S
Mexico,63.483,Moderna - Spikevax
Mexico,63.483,Pfizer BioNTech - Comirnaty
Mexico,63.483,Sinovac - CoronaVac
Micronesia (Federated States of),57.531,AstraZeneca - Vaxzevria
Micronesia (Federated States of),57.531,Janssen - Ad26.COV 2-S
Micronesia (Federated States of),57.531,Moderna - Spikevax
Micronesia (Federated States of),57.531,Pfizer BioNTech - Comirnaty
Monaco,63.533,AstraZeneca - Vaxzevria
Monaco,63.533,Janssen - Ad26.COV 2-S
Monaco,63.533,Moderna - Spikevax
Monaco,63.533,Novavax - Covavax
Monaco,63.533,Novavax-NUVAXOVID
Monaco,63.533,Pfizer BioNTech - Comirnaty
Monaco,63.533,Unknown Vaccine
Mongolia,66.654,AstraZeneca - Vaxzevria
Mongolia,66.654,Beijing CNBG - BBIBP-CorV
Mongolia,66.654,Gamaleya - Gam-Covid-Vac
Mongolia,66.654,Moderna - Spikevax
Mongolia,66.654,Pfizer BioNTech - Comirnaty
Mongolia,66.654,SII - Covishield
Montenegro,40.456,AstraZeneca - Vaxzevria
Montenegro,40.456,Beijing CNBG - BBIBP-CorV
Montenegro,40.456,Gamaleya - Gam-Covid-Vac
Montenegro,40.456,Pfizer BioNTech - Comirnaty
Montenegro,40.456,Unknown Vaccine
Montserrat,39.048,AstraZeneca - Vaxzevria
Morocco,63.723,AstraZeneca - Vaxzevria
Morocco,63.723,Beijing CNBG - BBIBP-CorV
Morocco,63.723,Bharat - Covaxin
Morocco,63.723,CanSino - Convidecia
Morocco,63.723,Gamaleya - Gam-Covid-Vac
Morocco,63.723,Gamaleya - Sputnik-Light
Morocco,63.723,Janssen - Ad26.COV 2-S
Morocco,63.723,Moderna - Spikevax
Morocco,63.723,Pfizer BioNTech - Comirnaty
Morocco,63.723,Sinovac - CoronaVac
Mozambique,59.084,Beijing CNBG - BBIBP-CorV
Mozambique,59.084,Janssen - Ad26.COV 2-S
Mozambique,59.084,SII - Covishield
Myanmar,50.626,Beijing CNBG - BBIBP-CorV
Myanmar,50.626,SII - Covishield
Namibia,20.959,Beijing CNBG - BBIBP-CorV
Namibia,20.959,Janssen - Ad26.COV 2-S
Namibia,20.959,Pfizer BioNTech - Comirnaty
Namibia,20.959,SII - Covishield
Nauru,104.726,AstraZeneca - Vaxzevria
Nauru,104.726,SII - Covishield
Nepal,83.169,AstraZeneca - Vaxzevria
Nepal,83.169,Beijing CNBG - BBIBP-CorV
Nepal,83.169,Bharat - Covaxin
Nepal,83.169,Gamaleya - Gam-Covid-Vac
Nepal,83.169,Janssen - Ad26.COV 2-S
Nepal,83.169,Moderna - Spikevax
Nepal,83.169,Pfizer BioNTech - Comirnaty
Nepal,83.169,SII - Covishield
Netherlands,68.689,AstraZeneca - Vaxzevria
Netherlands,68.689,Janssen - Ad26.COV 2-S
Netherlands,68.689,Moderna - Spikevax
Netherlands,68.689,Novavax-NUVAXOVID
Netherlands,68.689,Pfizer BioNTech - Comirnaty
Netherlands,68.689,Unknown Vaccine
New Caledonia,64.675,Janssen - Ad26.COV 2-S
New Caledonia,64.675,Pfizer BioNTech - Comirnaty
New Zealand,84.776,AstraZeneca - Vaxzevria
New Zealand,84.776,Janssen - Ad26.COV 2-S
New Zealand,84.776,Novavax-NUVAXOVID
New Zealand,84.776,Pfizer BioNTech - Comirnaty
Nicaragua,90.76,AstraZeneca - Vaxzevria
Nicaragua,90.76,CIGB - CIGB-66
Nicaragua,90.76,Finlay - Soberana Plus
Nicaragua,90.76,Finlay - Soberana-02
Nicaragua,90.76,Gamaleya - Gam-Covid-Vac
Nicaragua,90.76,Gamaleya - Sputnik-Light
Nicaragua,90.76,Janssen - Ad26.COV 2-S
Nicaragua,90.76,Pfizer BioNTech - Comirnaty
Nicaragua,90.76,SII - Covishield
Niger,22.144,Beijing CNBG - BBIBP-CorV
Niger,22.144,SII - Covishield
Nigeria,32.365,SII - Covishield
Niue,100.989,Pfizer BioNTech - Comirnaty
North Macedonia,40.365,AstraZeneca - Vaxzevria
North Macedonia,40.365,Beijing CNBG - BBIBP-CorV
North Macedonia,40.365,Gamaleya - Gam-Covid-Vac
North Macedonia,40.365,Moderna - Spikevax
North Macedonia,40.365,Pfizer BioNTech - Comirnaty
North Macedonia,40.365,Sinovac - CoronaVac
North Macedonia,40.365,Wuhan CNBG - Inactivated
Northern Mariana Islands (Commonwealth of the),78.204,Janssen - Ad26.COV 2-S
Northern Mariana Islands (Commonwealth of the),78.204,Moderna - Spikevax
Northern Mariana Islands (Commonwealth of the),78.204,Pfizer BioNTech - Comirnaty
Norway,75.662,AstraZeneca - Vaxzevria
Norway,75.662,Janssen - Ad26.COV 2-S
Norway,75.662,Moderna - Spikevax
Norway,75.662,Pfizer BioNTech - Comirnaty
occupied Palestinian territory,34.833,AstraZeneca - Vaxzevria
occupied Palestinian territory,34.833,Beijing CNBG - BBIBP-CorV
occupied Palestinian territory,34.833,Bharat - Covaxin
occupied Palestinian territory,34.833,CanSino - Convidecia
occupied Palestinian territory,34.833,Gamaleya - Gam-Covid-Vac
occupied Palestinian territory,34.833,Gamaleya - Sputnik-Light
occupied Palestinian territory,34.833,Janssen - Ad26.COV 2-S
occupied Palestinian territory,34.833,Moderna - Spikevax
occupied Palestinian territory,34.833,Pfizer BioNTech - Comirnaty
occupied Palestinian territory,34.833,Sinovac - CoronaVac
Oman,59.703,AstraZeneca - Vaxzevria
Oman,59.703,Beijing CNBG - BBIBP-CorV
Oman,59.703,Bharat - Covaxin
Oman,59.703,CanSino - Convidecia
Oman,59.703,Gamaleya - Gam-Covid-Vac
Oman,59.703,Gamaleya - Sputnik-Light
Oman,59.703,Janssen - Ad26.COV 2-S
Oman,59.703,Moderna - Spikevax
Oman,59.703,Pfizer BioNTech - Comirnaty
Oman,59.703,SII - Covishield
Oman,59.703,Sinovac - CoronaVac
Pakistan,63.03,AstraZeneca - Vaxzevria
Pakistan,63.03,Beijing CNBG - BBIBP-CorV
Pakistan,63.03,Bharat - Covaxin
Pakistan,63.03,CanSino - Convidecia
Pakistan,63.03,Gamaleya - Gam-Covid-Vac
Pakistan,63.03,Gamaleya - Sputnik-Light
Pakistan,63.03,Janssen - Ad26.COV 2-S
Pakistan,63.03,Moderna - Spikevax
Pakistan,63.03,Pfizer BioNTech - Comirnaty
Pakistan,63.03,SII - Covishield
Pakistan,63.03,Sinovac - CoronaVac
Palau,101.067,Janssen - Ad26.COV 2-S
Palau,101.067,Moderna - Spikevax
Palau,101.067,Pfizer BioNTech - Comirnaty
Panama,73.445,AstraZeneca - Vaxzevria
Panama,73.445,Pfizer BioNTech - Comirnaty
Papua New Guinea,3.523,AstraZeneca - Vaxzevria
Papua New Guinea,3.523,Beijing CNBG - BBIBP-CorV
Papua New Guinea,3.523,Janssen - Ad26.COV 2-S
Papua New Guinea,3.523,SII - Covishield
Paraguay,49.653,AstraZeneca - Vaxzevria
Paraguay,49.653,Beijing CNBG - BBIBP-CorV
Paraguay,49.653,Bharat - Covaxin
Paraguay,49.653,Gamaleya - Gam-Covid-Vac
Paraguay,49.653,Julphar - Hayat-Vax
Paraguay,49.653,Moderna - Spikevax
Paraguay,49.653,Pfizer BioNTech - Comirnaty
Paraguay,49.653,Sinovac - CoronaVac
Peru,86.383,AstraZeneca - Vaxzevria
Peru,86.383,Beijing CNBG - BBIBP-CorV
Peru,86.383,Moderna - Spikevax
Peru,86.383,Pfizer BioNTech - Comirnaty
Philippines,67.559,AstraZeneca - Vaxzevria
Philippines,67.559,Beijing CNBG - BBIBP-CorV
Philippines,67.559,Bharat - Covaxin
Philippines,67.559,Gamaleya - Gam-Covid-Vac
Philippines,67.559,Gamaleya - Sputnik-Light
Philippines,67.559,Janssen - Ad26.COV 2-S
Philippines,67.559,Julphar - Hayat-Vax
Philippines,67.559,Moderna - Spikevax
Philippines,67.559,Novavax-NUVAXOVID
Philippines,67.559,Pfizer BioNTech - Comirnaty
Philippines,67.559,Sinovac - CoronaVac
Pitcairn Islands,74.0,AstraZeneca - Vaxzevria
Poland,59.733,AstraZeneca - Vaxzevria
Poland,59.733,Janssen - Ad26.COV 2-S
Poland,59.733,Moderna - Spikevax
Poland,59.733,Novavax-NUVAXOVID
Poland,59.733,Pfizer BioNTech - Comirnaty
Portugal,86.378,AstraZeneca - Vaxzevria
Portugal,86.378,Beijing CNBG - BBIBP-CorV
Portugal,86.378,Bharat - Covaxin
Portugal,86.378,Janssen - Ad26.COV 2-S
Portugal,86.378,Moderna - Spikevax
Portugal,86.378,Moderna – Spikevax Bivalent Original/Omicron BA.1
Portugal,86.378,Novavax-NUVAXOVID
Portugal,86.378,Pfizer BioNTech - Comirnaty
Portugal,86.378,Pfizer BioNTech - Comirnaty Bivalent Original/Omicron BA.1
Portugal,86.378,Pfizer BioNTech - Comirnaty Bivalent Original/Omicron BA.4/BA.5
Portugal,86.378,Sinovac - CoronaVac
Puerto Rico,93.817,Janssen - Ad26.COV 2-S
Puerto Rico,93.817,Moderna - Spikevax
Puerto Rico,93.817,Novavax-NUVAXOVID
Puerto Rico,93.817,Pfizer BioNTech - Comirnaty
Qatar,98.984,AstraZeneca - Vaxzevria
Qatar,98.984,Beijing CNBG - BBIBP-CorV
Qatar,98.984,Bharat - Covaxin
Qatar,98.984,CanSino - Convidecia
Qatar,98.984,Gamaleya - Gam-Covid-Vac
Qatar,98.984,Gamaleya - Sputnik-Light
Qatar,98.984,Janssen - Ad26.COV 2-S
Qatar,98.984,Moderna - Spikevax
Qatar,98.984,Pfizer BioNTech - Comirnaty
Qatar,98.984,Sinovac - CoronaVac
Republic of Korea,86.696,AstraZeneca - Vaxzevria
Republic of Korea,86.696,Janssen - Ad26.COV 2-S
Republic of Korea,86.696,Moderna - Spikevax
Republic of Korea,86.696,Novavax-NUVAXOVID
Republic of Korea,86.696,Pfizer BioNTech - Comirnaty
Republic of Moldova,26.67,AstraZeneca - Vaxzevria
Republic of Moldova,26.67,Beijing CNBG - BBIBP-CorV
Republic of Moldova,26.67,Gamaleya - Gam-Covid-Vac
Republic of Moldova,26.67,Janssen - Ad26.COV 2-S
Republic of Moldova,26.67,Moderna - Spikevax
Republic of Moldova,26.67,Pfizer BioNTech - Comirnaty
Republic of Moldova,26.67,Sinovac - CoronaVac
Romania,42.116,AstraZeneca - Vaxzevria
Romania,42.116,Janssen - Ad26.COV 2-S
Romania,42.116,Moderna - Spikevax
Romania,42.116,Pfizer BioNTech - Comirnaty
Russian Federation,54.215,SRCVB - EpiVacCorona
Russian Federation,54.215, Gamaleya - Sputnik V
Rwanda,76.418,Beijing CNBG - BBIBP-CorV
Rwanda,76.418,Gamaleya - Gam-Covid-Vac
Rwanda,76.418,Janssen - Ad26.COV 2-S
Rwanda,76.418,Moderna - Spikevax
Rwanda,76.418,Pfizer BioNTech - Comirnaty
Rwanda,76.418,SII - Covishield
Rwanda,76.418,Sinovac - CoronaVac
"Saint Helena, Ascension and Tristan da Cunha",58.162,AstraZeneca - AZD1222
Saint Kitts and Nevis,50.76,AstraZeneca - Vaxzevria
Saint Kitts and Nevis,50.76,Pfizer BioNTech - Comirnaty
Saint Kitts and Nevis,50.76,SII - Covishield
Saint Lucia,29.936,AstraZeneca - Vaxzevria
Saint Lucia,29.936,Janssen - Ad26.COV 2-S
Saint Lucia,29.936,Moderna - Spikevax
Saint Lucia,29.936,Pfizer BioNTech - Comirnaty
Saint Lucia,29.936,SII - Covishield
Saint Vincent and the Grenadines,28.493,AstraZeneca - Vaxzevria
Saint Vincent and the Grenadines,28.493,Gamaleya - Gam-Covid-Vac
Saint Vincent and the Grenadines,28.493,Gamaleya - Sputnik-Light
Saint Vincent and the Grenadines,28.493,Pfizer BioNTech - Comirnaty
Saint Vincent and the Grenadines,28.493,SII - Covishield
Samoa,89.567,AstraZeneca - Vaxzevria
Samoa,89.567,Pfizer BioNTech - Comirnaty
San Marino,68.595,Gamaleya - Gam-Covid-Vac
San Marino,68.595,Pfizer BioNTech - Comirnaty
Sao Tome and Principe,47.437,AstraZeneca - Vaxzevria
Sao Tome and Principe,47.437,SII - Covishield
Saudi Arabia,72.973,AstraZeneca - Vaxzevria
Saudi Arabia,72.973,Beijing CNBG - BBIBP-CorV
Saudi Arabia,72.973,Bharat - Covaxin
Saudi Arabia,72.973,CanSino - Convidecia
Saudi Arabia,72.973,Gamaleya - Gam-Covid-Vac
Saudi Arabia,72.973,Gamaleya - Sputnik-Light
Saudi Arabia,72.973,Janssen - Ad26.COV 2-S
Saudi Arabia,72.973,Moderna - Spikevax
Saudi Arabia,72.973,Pfizer BioNTech - Comirnaty
Saudi Arabia,72.973,Sinovac - CoronaVac
Senegal,8.593,Beijing CNBG - BBIBP-CorV
Senegal,8.593,Janssen - Ad26.COV 2-S
Senegal,8.593,SII - Covishield
Serbia,47.975,AstraZeneca - Vaxzevria
Serbia,47.975,Beijing CNBG - BBIBP-CorV
Serbia,47.975,Gamaleya - Gam-Covid-Vac
Serbia,47.975,Moderna - Spikevax
Serbia,47.975,Pfizer BioNTech - Comirnaty
Seychelles,83.106,Beijing CNBG - BBIBP-CorV
Seychelles,83.106,Gamaleya - Gam-Covid-Vac
Seychelles,83.106,Julphar - Hayat-Vax
Seychelles,83.106,SII - Covishield
Sierra Leone,48.341,Beijing CNBG - BBIBP-CorV
Sierra Leone,48.341,SII - Covishield
Singapore,87.527,AstraZeneca - Vaxzevria
Singapore,87.527,Beijing CNBG - BBIBP-CorV
Singapore,87.527,Moderna - Spikevax
Singapore,87.527,Pfizer BioNTech - Comirnaty
Sint Maarten,62.378,AstraZeneca - Vaxzevria
Sint Maarten,62.378,Moderna - Spikevax
Sint Maarten,62.378,Pfizer BioNTech - Comirnaty
Slovakia,51.135,AstraZeneca - Vaxzevria
Slovakia,51.135,Gamaleya - Gam-Covid-Vac
Slovakia,51.135,Janssen - Ad26.COV 2-S
Slovakia,51.135,Moderna - Spikevax
Slovakia,51.135,Novavax-NUVAXOVID
Slovakia,51.135,Pfizer BioNTech - Comirnaty
Slovakia,51.135,Unknown Vaccine
Slovenia,57.135,AstraZeneca - Vaxzevria
Slovenia,57.135,Janssen - Ad26.COV 2-S
Slovenia,57.135,Moderna - Spikevax
Slovenia,57.135,Novavax-NUVAXOVID
Slovenia,57.135,Pfizer BioNTech - Comirnaty
Slovenia,57.135,Unknown Vaccine
Solomon Islands,34.637,AstraZeneca - Vaxzevria
Solomon Islands,34.637,Beijing CNBG - BBIBP-CorV
Solomon Islands,34.637,Pfizer BioNTech - Comirnaty
Solomon Islands,34.637,SII - Covishield
Somalia,41.085,AstraZeneca - Vaxzevria
Somalia,41.085,Beijing CNBG - BBIBP-CorV
Somalia,41.085,Bharat - Covaxin
Somalia,41.085,CanSino - Convidecia
Somalia,41.085,Gamaleya - Gam-Covid-Vac
Somalia,41.085,Gamaleya - Sputnik-Light
Somalia,41.085,Janssen - Ad26.COV 2-S
Somalia,41.085,Moderna - Spikevax
Somalia,41.085,Pfizer BioNTech - Comirnaty
Somalia,41.085,SII - Covishield
Somalia,41.085,Sinovac - CoronaVac
South Africa,35.473,Janssen - Ad26.COV 2-S
South Africa,35.473,Pfizer BioNTech - Comirnaty
South Sudan,27.527,Janssen - Ad26.COV 2-S
South Sudan,27.527,SII - Covishield
Spain,79.175,AstraZeneca - Vaxzevria
Spain,79.175,Janssen - Ad26.COV 2-S
Spain,79.175,Moderna - Spikevax
Spain,79.175,Pfizer BioNTech - Comirnaty
Sri Lanka,68.896,AstraZeneca - Vaxzevria
Sri Lanka,68.896,Beijing CNBG - BBIBP-CorV
Sri Lanka,68.896,Gamaleya - Gam-Covid-Vac
Sri Lanka,68.896,Moderna - Spikevax
Sri Lanka,68.896,Pfizer BioNTech - Comirnaty
Sri Lanka,68.896,SII - Covishield
Sudan,24.12,AstraZeneca - Vaxzevria
Sudan,24.12,Beijing CNBG - BBIBP-CorV
Sudan,24.12,Bharat - Covaxin
Sudan,24.12,CanSino - Convidecia
Sudan,24.12,Gamaleya - Gam-Covid-Vac
Sudan,24.12,Gamaleya - Sputnik-Light
Sudan,24.12,Janssen - Ad26.COV 2-S
Sudan,24.12,Moderna - Spikevax
Sudan,24.12,Pfizer BioNTech - Comirnaty
Sudan,24.12,SII - Covishield
Sudan,24.12,Sinovac - CoronaVac
Suriname,40.55,AstraZeneca - Vaxzevria
Suriname,40.55,Beijing CNBG - BBIBP-CorV
Suriname,40.55,Moderna - Spikevax
Suriname,40.55,Pfizer BioNTech - Comirnaty
Suriname,40.55,SII - Covishield
Sweden,71.401,AstraZeneca - Vaxzevria
Sweden,71.401,Moderna - Spikevax
Sweden,71.401,Novavax-NUVAXOVID
Sweden,71.401,Pfizer BioNTech - Comirnaty
Sweden,71.401,Unknown Vaccine
Switzerland,66.483,Janssen - Ad26.COV 2-S
Switzerland,66.483,Moderna - Spikevax
Switzerland,66.483,Moderna – Spikevax Bivalent Original/Omicron BA.1
Switzerland,66.483,Novavax-NUVAXOVID
Switzerland,66.483,Pfizer BioNTech - Comirnaty
Switzerland,66.483,Pfizer BioNTech - Comirnaty Bivalent Original/Omicron BA.1
Syrian Arab Republic,12.897,AstraZeneca - Vaxzevria
Syrian Arab Republic,12.897,Beijing CNBG - BBIBP-CorV
Syrian Arab Republic,12.897,Bharat - Covaxin
Syrian Arab Republic,12.897,CanSino - Convidecia
Syrian Arab Republic,12.897,Gamaleya - Gam-Covid-Vac
Syrian Arab Republic,12.897,Gamaleya - Sputnik-Light
Syrian Arab Republic,12.897,Janssen - Ad26.COV 2-S
Syrian Arab Republic,12.897,Moderna - Spikevax
Syrian Arab Republic,12.897,Pfizer BioNTech - Comirnaty
Syrian Arab Republic,12.897,SII - Covishield
Syrian Arab Republic,12.897,Sinovac - CoronaVac
Tajikistan,54.212,AstraZeneca - Vaxzevria
Tajikistan,54.212,Gamaleya - Gam-Covid-Vac
Tajikistan,54.212,Moderna - Spikevax
Tajikistan,54.212,Pfizer BioNTech - Comirnaty
Tajikistan,54.212,SII - Covishield
Tajikistan,54.212,Sinovac - CoronaVac
Thailand,77.522,AstraZeneca - Vaxzevria
Thailand,77.522,Beijing CNBG - BBIBP-CorV
Thailand,77.522,Janssen - Ad26.COV 2-S
Thailand,77.522,Moderna - Spikevax
Thailand,77.522,Pfizer BioNTech - Comirnaty
Thailand,77.522,SII - Covishield
Thailand,77.522,SII - Covovax
Thailand,77.522,Sinovac - CoronaVac
The United Kingdom,74.586,AstraZeneca - Vaxzevria
The United Kingdom,74.586,Moderna - Spikevax
The United Kingdom,74.586,Pfizer BioNTech - Comirnaty
Timor-Leste,60.527,AstraZeneca - Vaxzevria
Timor-Leste,60.527,Pfizer BioNTech - Comirnaty
Timor-Leste,60.527,SII - Covishield
Timor-Leste,60.527,Sinovac - CoronaVac
Togo,18.772,SII - Covishield
Tokelau,163.185,Pfizer BioNTech - Comirnaty
Tonga,72.864,AstraZeneca - Vaxzevria
Tonga,72.864,Pfizer BioNTech - Comirnaty
Trinidad and Tobago,51.338,AstraZeneca - Vaxzevria
Trinidad and Tobago,51.338,Beijing CNBG - BBIBP-CorV
Trinidad and Tobago,51.338,Janssen - Ad26.COV 2-S
Trinidad and Tobago,51.338,Pfizer BioNTech - Comirnaty
Trinidad and Tobago,51.338,SII - Covishield
Tunisia,54.143,AstraZeneca - Vaxzevria
Tunisia,54.143,Beijing CNBG - BBIBP-CorV
Tunisia,54.143,Bharat - Covaxin
Tunisia,54.143,CanSino - Convidecia
Tunisia,54.143,Gamaleya - Gam-Covid-Vac
Tunisia,54.143,Gamaleya - Sputnik-Light
Tunisia,54.143,Janssen - Ad26.COV 2-S
Tunisia,54.143,Moderna - Spikevax
Tunisia,54.143,Pfizer BioNTech - Comirnaty
Tunisia,54.143,Sinovac - CoronaVac
Turkey,60.935,Pfizer BioNTech - Comirnaty
Turkey,60.935, Sinovac - CoronaVac
Turkey,60.935, Turkovac
Turkmenistan,55.684,Anhui ZL - Zifivax
Turkmenistan,55.684,AstraZeneca - Vaxzevria
Turkmenistan,55.684,Beijing CNBG - BBIBP-CorV
Turkmenistan,55.684,Gamaleya - Gam-Covid-Vac
Turkmenistan,55.684,RIBSP - QazVac
Turkmenistan,55.684,SRCVB - EpiVacCorona
Turkmenistan,55.684,Unknown Vaccine
Turks and Caicos Islands,79.317,Pfizer BioNTech - Comirnaty
Tuvalu,79.054,AstraZeneca - Vaxzevria
Uganda,28.473,Janssen - Ad26.COV 2-S
Uganda,28.473,Moderna - Spikevax
Uganda,28.473,Pfizer BioNTech - Comirnaty
Uganda,28.473,SII - Covishield
Uganda,28.473,Sinovac - CoronaVac
Ukraine,34.65,AstraZeneca - Vaxzevria
Ukraine,34.65,Janssen - Ad26.COV 2-S
Ukraine,34.65,Moderna - Spikevax
Ukraine,34.65,Pfizer BioNTech - Comirnaty
Ukraine,34.65,SII - Covishield
Ukraine,34.65,Sinovac - CoronaVac
United Arab Emirates,99.008,AstraZeneca - Vaxzevria
United Arab Emirates,99.008,Beijing CNBG - BBIBP-CorV
United Arab Emirates,99.008,Bharat - Covaxin
United Arab Emirates,99.008,CanSino - Convidecia
United Arab Emirates,99.008,Gamaleya - Gam-Covid-Vac
United Arab Emirates,99.008,Gamaleya - Sputnik-Light
United Arab Emirates,99.008,Janssen - Ad26.COV 2-S
United Arab Emirates,99.008,Moderna - Spikevax
United Arab Emirates,99.008,Pfizer BioNTech - Comirnaty
United Arab Emirates,99.008,SII - Covishield
United Arab Emirates,99.008,Sinovac - CoronaVac
United Republic of Tanzania,53.158,Beijing CNBG - BBIBP-CorV
United Republic of Tanzania,53.158,Janssen - Ad26.COV 2-S
United Republic of Tanzania,53.158,Pfizer BioNTech - Comirnaty
United States of America,68.621,Janssen - Ad26.COV 2-S
United States of America,68.621,Moderna - Spikevax
United States of America,68.621,Novavax-NUVAXOVID
United States of America,68.621,Pfizer BioNTech - Comirnaty
Uruguay,83.435,AstraZeneca - Vaxzevria
Uruguay,83.435,Pfizer BioNTech - Comirnaty
Uruguay,83.435,Sinovac - CoronaVac
Uzbekistan,54.084,Anhui ZL - Zifivax
Uzbekistan,54.084,Gamaleya - Gam-Covid-Vac
Uzbekistan,54.084,Gamaleya - Sputnik-Light
Uzbekistan,54.084,Moderna - Spikevax
Uzbekistan,54.084,Pfizer BioNTech - Comirnaty
Uzbekistan,54.084,SII - Covishield
Uzbekistan,54.084,Sinovac - CoronaVac
Uzbekistan,54.084,Unknown Vaccine
Vanuatu,42.749,AstraZeneca - Vaxzevria
Vanuatu,42.749,Beijing CNBG - BBIBP-CorV
Vanuatu,42.749,Janssen - Ad26.COV 2-S
Venezuela (Bolivarian Republic of),50.244,Beijing CNBG - BBIBP-CorV
Venezuela (Bolivarian Republic of),50.244,CIGB - CIGB-66
Venezuela (Bolivarian Republic of),50.244,Finlay - Soberana-02
Venezuela (Bolivarian Republic of),50.244,Gamaleya - Gam-Covid-Vac
Venezuela (Bolivarian Republic of),50.244,Gamaleya - Sputnik-Light
Venezuela (Bolivarian Republic of),50.244,Sinovac - CoronaVac
Viet Nam,88.281,AstraZeneca - Vaxzevria
Viet Nam,88.281,Beijing CNBG - BBIBP-CorV
Viet Nam,88.281,CIGB - CIGB-66
Viet Nam,88.281,Gamaleya - Gam-Covid-Vac
Viet Nam,88.281,Moderna - Spikevax
Viet Nam,88.281,Pfizer BioNTech - Comirnaty
Wallis and Futuna,62.147,Moderna - Spikevax
Yemen,2.589,AstraZeneca - Vaxzevria
Yemen,2.589,Beijing CNBG - BBIBP-CorV
Yemen,2.589,Bharat - Covaxin
Yemen,2.589,CanSino - Convidecia
Yemen,2.589,Gamaleya - Gam-Covid-Vac
Yemen,2.589,Gamaleya - Sputnik-Light
Yemen,2.589,Janssen - Ad26.COV 2-S
Yemen,2.589,Moderna - Spikevax
Yemen,2.589,Pfizer BioNTech - Comirnaty
Yemen,2.589,SII - Covishield
Yemen,2.589,Sinovac - CoronaVac
Zambia,47.287,Beijing CNBG - BBIBP-CorV
Zambia,47.287,Janssen - Ad26.COV 2-S
Zambia,47.287,SII - Covishield
Zimbabwe,33.412,Beijing CNBG - BBIBP-CorV
Zimbabwe,33.412,Bharat - Covaxin
Zimbabwe,33.412,Gamaleya - Gam-Covid-Vac
Zimbabwe,33.412,Sinovac - CoronaVac
Afghanistan,34.261,AstraZeneca - Vaxzevria
Afghanistan,34.261,Beijing CNBG - BBIBP-CorV
Afghanistan,34.261,Bharat - Covaxin
Afghanistan,34.261,CanSino - Convidecia
Afghanistan,34.261,Gamaleya - Gam-Covid-Vac
Afghanistan,34.261,Gamaleya - Sputnik-Light
Afghanistan,34.261,Janssen - Ad26.COV 2-S
Afghanistan,34.261,Moderna - Spikevax
Afghanistan,34.261,Pfizer BioNTech - Comirnaty
Afghanistan,34.261,SII - Covishield
Afghanistan,34.261,Sinovac - CoronaVac
Albania,44.791,AstraZeneca - Vaxzevria
Albania,44.791,Gamaleya - Gam-Covid-Vac
Albania,44.791,Pfizer BioNTech - Comirnaty
Albania,44.791,SII - Covishield
Albania,44.791,Sinovac - CoronaVac
Algeria,14.78,Beijing CNBG - BBIBP-CorV
Algeria,14.78,Gamaleya - Gam-Covid-Vac
Algeria,14.78,SII - Covishield
Algeria,14.78,Sinovac - CoronaVac
American Samoa,77.082,Janssen - Ad26.COV 2-S
American Samoa,77.082,Moderna - Spikevax
American Samoa,77.082,Pfizer BioNTech - Comirnaty
Andorra,70.221,AstraZeneca - Vaxzevria
Andorra,70.221,Moderna - Spikevax
Andorra,70.221,Pfizer BioNTech - Comirnaty
Angola,25.875,SII - Covishield
Anguilla,69.191,AstraZeneca - Vaxzevria
Anguilla,69.191,Pfizer BioNTech - Comirnaty
Antigua and Barbuda,63.703,AstraZeneca - Vaxzevria
Antigua and Barbuda,63.703,Beijing CNBG - BBIBP-CorV
Antigua and Barbuda,63.703,Gamaleya - Gam-Covid-Vac
Antigua and Barbuda,63.703,Janssen - Ad26.COV 2-S
Antigua and Barbuda,63.703,Pfizer BioNTech - Comirnaty
Antigua and Barbuda,63.703,SII - Covishield
Argentina,83.725,AstraZeneca - Vaxzevria
Argentina,83.725,Beijing CNBG - BBIBP-CorV
Argentina,83.725,CanSino - Convidecia
Argentina,83.725,Gamaleya - Gam-Covid-Vac
Argentina,83.725,Moderna - Spikevax
Argentina,83.725,Pfizer BioNTech - Comirnaty
Argentina,83.725,SII - Covishield
Armenia,33.268,AstraZeneca - Vaxzevria
Armenia,33.268,Beijing CNBG - BBIBP-CorV
Armenia,33.268,Gamaleya - Gam-Covid-Vac
Armenia,33.268,Gamaleya - Sputnik-Light
Armenia,33.268,Moderna - Spikevax
Armenia,33.268,Pfizer BioNTech - Comirnaty
Armenia,33.268,Sinovac - CoronaVac
Armenia,33.268,Wuhan CNBG - Inactivated
Aruba,78.756,Janssen - Ad26.COV 2-S
Aruba,78.756,Pfizer BioNTech - Comirnaty
Australia,84.911,AstraZeneca - Vaxzevria
Australia,84.911,Janssen - Ad26.COV 2-S
Australia,84.911,Moderna - Spikevax
Australia,84.911,Novavax-NUVAXOVID
Australia,84.911,Pfizer BioNTech - Comirnaty
Austria,75.052,AstraZeneca - Vaxzevria
Austria,75.052,Janssen - Ad26.COV 2-S
Austria,75.052,Moderna - Spikevax
Austria,75.052,Moderna – Spikevax Bivalent Original/Omicron BA.1
Austria,75.052,Novavax-NUVAXOVID
Austria,75.052,Pfizer BioNTech - Comirnaty
Austria,75.052,Pfizer BioNTech - Comirnaty Bivalent Original/Omicron BA.1
Austria,75.052,Pfizer BioNTech - Comirnaty Bivalent Original/Omicron BA.4/BA.5
Austria,75.052,Unknown Vaccine
Austria,75.052,Valneva - VLA2001
Azerbaijan,48.141,AstraZeneca - Vaxzevria
Azerbaijan,48.141,Gamaleya - Gam-Covid-Vac
Azerbaijan,48.141,Gamaleya - Sputnik-Light
Azerbaijan,48.141,Pfizer BioNTech - Comirnaty
Azerbaijan,48.141,Sinovac - CoronaVac
Bahamas,42.12,AstraZeneca - Vaxzevria
Bahamas,42.12,Janssen - Ad26.COV 2-S
Bahamas,42.12,Pfizer BioNTech - Comirnaty
Bahamas,42.12,SII - Covishield
Bahrain,72.098,AstraZeneca - Vaxzevria
Bahrain,72.098,Beijing CNBG - BBIBP-CorV
Bahrain,72.098,Bharat - Covaxin
Bahrain,72.098,CanSino - Convidecia
Bahrain,72.098,Gamaleya - Gam-Covid-Vac
Bahrain,72.098,Gamaleya - Sputnik-Light
Bahrain,72.098,Janssen - Ad26.COV 2-S
Bahrain,72.098,Moderna - Spikevax
Bahrain,72.098,Pfizer BioNTech - Comirnaty
Bahrain,72.098,SII - Covishield
Bahrain,72.098,Sinovac - CoronaVac
Bangladesh,83.018,AstraZeneca - Vaxzevria
Bangladesh,83.018,Beijing CNBG - BBIBP-CorV
Bangladesh,83.018,Gamaleya - Gam-Covid-Vac
Bangladesh,83.018,Janssen - Ad26.COV 2-S
Bangladesh,83.018,Moderna - Spikevax
Bangladesh,83.018,Pfizer BioNTech - Comirnaty
Bangladesh,83.018,SII - Covishield
Bangladesh,83.018,Sinovac - CoronaVac
Barbados,53.94,AstraZeneca - Vaxzevria
Barbados,53.94,Beijing CNBG - BBIBP-CorV
Barbados,53.94,Janssen - Ad26.COV 2-S
Barbados,53.94,Pfizer BioNTech - Comirnaty
Barbados,53.94,SII - Covishield
Belarus,67.844,Beijing CNBG - BBIBP-CorV
Belarus,67.844,Chumakov - Covi-Vac
Belarus,67.844,Gamaleya - Gam-Covid-Vac
Belarus,67.844,Gamaleya - Sputnik-Light
Belgium,79.476,AstraZeneca - Vaxzevria
Belgium,79.476,Janssen - Ad26.COV 2-S
Belgium,79.476,Moderna - Spikevax
Belgium,79.476,Pfizer BioNTech - Comirnaty
Belize,55.667,AstraZeneca - Vaxzevria
Belize,55.667,Beijing CNBG - BBIBP-CorV
Belize,55.667,Janssen - Ad26.COV 2-S
Belize,55.667,Pfizer BioNTech - Comirnaty
Belize,55.667,SII - Covishield
Benin,22.625,AstraZeneca - Vaxzevria
Benin,22.625,Janssen - Ad26.COV 2-S
Benin,22.625,Pfizer BioNTech - Comirnaty
Benin,22.625,SII - Covishield
Benin,22.625,Sinovac - CoronaVac
Bermuda,76.529,AstraZeneca - Vaxzevria
Bermuda,76.529,Moderna - Spikevax
Bermuda,76.529,Pfizer BioNTech - Comirnaty
Bhutan,87.826,AstraZeneca - Vaxzevria
Bhutan,87.826,Beijing CNBG - BBIBP-CorV
Bhutan,87.826,Moderna - Spikevax
Bhutan,87.826,Pfizer BioNTech - Comirnaty
Bhutan,87.826,SII - Covishield
Bolivia (Plurinational State of),53.674,AstraZeneca - Vaxzevria
Bolivia (Plurinational State of),53.674,Beijing CNBG - BBIBP-CorV
Bolivia (Plurinational State of),53.674,Gamaleya - Gam-Covid-Vac
Bolivia (Plurinational State of),53.674,Janssen - Ad26.COV 2-S
Bolivia (Plurinational State of),53.674,Moderna - Spikevax
Bolivia (Plurinational State of),53.674,Pfizer BioNTech - Comirnaty
Bolivia (Plurinational State of),53.674,SII - Covishield
"Bonaire, Sint Eustatius and Saba",64.401,Moderna - mRNA-1273
"Bonaire, Sint Eustatius and Saba",64.401, Pfizer BioNTech - Comirnaty
Bosnia and Herzegovina,25.789,AstraZeneca - AZD1222
Bosnia and Herzegovina,25.789, Pfizer BioNTech - Comirnaty
Bosnia and Herzegovina,25.789, Sinovac - CoronaVac
Bosnia and Herzegovina,25.789, Gamaleya - Sputnik V
Botswana,69.219,Bharat - Covaxin
Botswana,69.219,Janssen - Ad26.COV 2-S
Botswana,69.219,Moderna - Spikevax
Botswana,69.219,Pfizer BioNTech - Comirnaty
Botswana,69.219,SII - Covishield
Botswana,69.219,Sinovac - CoronaVac
Brazil,79.787,AstraZeneca - Vaxzevria
Brazil,79.787,Janssen - Ad26.COV 2-S
Brazil,79.787,Pfizer BioNTech - Comirnaty
Brazil,79.787,SII - Covishield
Brazil,79.787,Sinovac - CoronaVac
British Virgin Islands,60.393,AstraZeneca - Vaxzevria
British Virgin Islands,60.393,Janssen - Ad26.COV 2-S
Brunei Darussalam,102.061,AstraZeneca - Vaxzevria
Brunei Darussalam,102.061,Beijing CNBG - BBIBP-CorV
Brunei Darussalam,102.061,Janssen - Ad26.COV 2-S
Brunei Darussalam,102.061,Moderna - Spikevax
Brunei Darussalam,102.061,Pfizer BioNTech - Comirnaty
Bulgaria,29.894,AstraZeneca - Vaxzevria
Bulgaria,29.894,Janssen - Ad26.COV 2-S
Bulgaria,29.894,Moderna - Spikevax
Bulgaria,29.894,Pfizer BioNTech - Comirnaty
Burkina Faso,16.755,Beijing CNBG - BBIBP-CorV
Burkina Faso,16.755,Janssen - Ad26.COV 2-S
Burkina Faso,16.755,SII - Covishield
Burundi,0.273,Beijing CNBG - BBIBP-CorV
Cabo Verde,55.526,Beijing CNBG - BBIBP-CorV
Cabo Verde,55.526,Moderna - Spikevax
Cabo Verde,55.526,Pfizer BioNTech - Comirnaty
Cabo Verde,55.526,SII - Covishield
Cambodia,87.574,AstraZeneca - Vaxzevria
Cambodia,87.574,Beijing CNBG - BBIBP-CorV
Cambodia,87.574,Janssen - Ad26.COV 2-S
Cambodia,87.574,Moderna - Spikevax
Cambodia,87.574,Pfizer BioNTech - Comirnaty
Cambodia,87.574,SII - Covishield
Cambodia,87.574,Sinovac - CoronaVac
Cameroon,10.894,Beijing CNBG - BBIBP-CorV
Cameroon,10.894,Janssen - Ad26.COV 2-S
Cameroon,10.894,Pfizer BioNTech - Comirnaty
Cameroon,10.894,SII - Covishield
Canada,82.896,AstraZeneca - Vaxzevria
Canada,82.896,Janssen - Ad26.COV 2-S
Canada,82.896,Moderna - Spikevax
Canada,82.896,Pfizer BioNTech - Comirnaty
Canada,82.896,SII - Covishield
Cayman Islands,92.193,Pfizer BioNTech - Comirnaty
Central African Republic,45.068,Bharat - Covaxin
Central African Republic,45.068,SII - Covishield
Chad,37.217,Beijing CNBG - BBIBP-CorV
Chile,92.592,AstraZeneca - Vaxzevria
Chile,92.592,CanSino - Convidecia
Chile,92.592,Moderna - Spikevax
Chile,92.592,Pfizer BioNTech - Comirnaty
Chile,92.592,Sinovac - CoronaVac
China,86.819,Anhui ZL - Zifivax
China,86.819,Beijing CNBG - BBIBP-CorV
China,86.819,CanSino - Convidecia
China,86.819,IMB - Covidful
China,86.819,Pfizer BioNTech - Comirnaty
China,86.819,Shenzhen - LV-SMENP-DC
China,86.819,Sinovac - CoronaVac
China,86.819,Wuhan CNBG - Inactivated
Colombia,72.615,AstraZeneca - Vaxzevria
Colombia,72.615,Janssen - Ad26.COV 2-S
Colombia,72.615,Moderna - Spikevax
Colombia,72.615,Pfizer BioNTech - Comirnaty
Colombia,72.615,Sinovac - CoronaVac
Comoros,45.662,Beijing CNBG - BBIBP-CorV
Comoros,45.662,Bharat - Covaxin
Comoros,45.662,SII - Covishield
Congo,11.854,Beijing CNBG - BBIBP-CorV
Congo,11.854,Gamaleya - Gam-Covid-Vac
Congo,11.854,Moderna - Spikevax
Congo,11.854,SII - Covishield
Cook Islands,83.557,Pfizer BioNTech - Comirnaty
Costa Rica,84.695,AstraZeneca - Vaxzevria
Costa Rica,84.695,Moderna - Spikevax
Costa Rica,84.695,Pfizer BioNTech - Comirnaty
Côte d’Ivoire,46.115,Beijing CNBG - BBIBP-CorV
Côte d’Ivoire,46.115,Gamaleya - Gam-Covid-Vac
Côte d’Ivoire,46.115,Janssen - Ad26.COV 2-S
Côte d’Ivoire,46.115,Pfizer BioNTech - Comirnaty
Côte d’Ivoire,46.115,SII - Covishield
Croatia,55.3,AstraZeneca - Vaxzevria
Croatia,55.3,Janssen - Ad26.COV 2-S
Croatia,55.3,Moderna - Spikevax
Croatia,55.3,Novavax-NUVAXOVID
Croatia,55.3,Pfizer BioNTech - Comirnaty
Croatia,55.3,Unknown Vaccine
Cuba,88.352,CIGB - CIGB-66
Cuba,88.352,Finlay - Soberana Plus
Cuba,88.352,Finlay - Soberana-02
Curaçao,61.48,AstraZeneca - Vaxzevria
Curaçao,61.48,Moderna - Spikevax
Curaçao,61.48,Pfizer BioNTech - Comirnaty
Cyprus,73.868,AstraZeneca - Vaxzevria
Cyprus,73.868,Janssen - Ad26.COV 2-S
Cyprus,73.868,Moderna - Spikevax
Cyprus,73.868,Novavax-NUVAXOVID
Cyprus,73.868,Pfizer BioNTech - Comirnaty
Czechia,64.397,AstraZeneca - Vaxzevria
Czechia,64.397,Janssen - Ad26.COV 2-S
Czechia,64.397,Moderna - Spikevax
Czechia,64.397,Novavax-NUVAXOVID
Czechia,64.397,Pfizer BioNTech - Comirnaty
Czechia,64.397,Pfizer BioNTech - Comirnaty Bivalent Original/Omicron BA.1
Czechia,64.397,Pfizer BioNTech - Comirnaty Bivalent Original/Omicron BA.4/BA.5
Democratic Republic of the Congo,10.204,SII - Covishield
Denmark,82.159,AstraZeneca - Vaxzevria
Denmark,82.159,Janssen - Ad26.COV 2-S
Denmark,82.159,Moderna - Spikevax
Denmark,82.159,Pfizer BioNTech - Comirnaty
Denmark,82.159,Unknown Vaccine
Djibouti,35.078,AstraZeneca - Vaxzevria
Djibouti,35.078,Beijing CNBG - BBIBP-CorV
Djibouti,35.078,Bharat - Covaxin
Djibouti,35.078,CanSino - Convidecia
Djibouti,35.078,Gamaleya - Gam-Covid-Vac
Djibouti,35.078,Gamaleya - Sputnik-Light
Djibouti,35.078,Janssen - Ad26.COV 2-S
Djibouti,35.078,Moderna - Spikevax
Djibouti,35.078,Pfizer BioNTech - Comirnaty
Djibouti,35.078,SII - Covishield
Djibouti,35.078,Sinovac - CoronaVac
Dominica,42.587,AstraZeneca - Vaxzevria
Dominica,42.587,Beijing CNBG - BBIBP-CorV
Dominica,42.587,Moderna - Spikevax
Dominica,42.587,Pfizer BioNTech - Comirnaty
Dominica,42.587,SII - Covishield
Dominican Republic,56.048,AstraZeneca - Vaxzevria
Dominican Republic,56.048,SII - Covishield
Dominican Republic,56.048,Sinovac - CoronaVac
Ecuador,80.656,AstraZeneca - Vaxzevria
Ecuador,80.656,CanSino - Convidecia
Ecuador,80.656,Pfizer BioNTech - Comirnaty
Ecuador,80.656,Sinovac - CoronaVac
Egypt,40.162,AstraZeneca - Vaxzevria
Egypt,40.162,Beijing CNBG - BBIBP-CorV
Egypt,40.162,Bharat - Covaxin
Egypt,40.162,CanSino - Convidecia
Egypt,40.162,Gamaleya - Gam-Covid-Vac
Egypt,40.162,Gamaleya - Sputnik-Light
Egypt,40.162,Janssen - Ad26.COV 2-S
Egypt,40.162,Moderna - Spikevax
Egypt,40.162,Pfizer BioNTech - Comirnaty
Egypt,40.162,Sinovac - CoronaVac
El Salvador,67.633,AstraZeneca - Vaxzevria
El Salvador,67.633,Beijing CNBG - BBIBP-CorV
El Salvador,67.633,Moderna - Spikevax
El Salvador,67.633,Pfizer BioNTech - Comirnaty
El Salvador,67.633,SII - Covishield
El Salvador,67.633,Sinovac - CoronaVac
Equatorial Guinea,15.255,Beijing CNBG - BBIBP-CorV
Equatorial Guinea,15.255,Sinovac - CoronaVac
Estonia,62.886,AstraZeneca - Vaxzevria
Estonia,62.886,Janssen - Ad26.COV 2-S
Estonia,62.886,Moderna - Spikevax
Estonia,62.886,Moderna – Spikevax Bivalent Original/Omicron BA.1
Estonia,62.886,Novavax-NUVAXOVID
Estonia,62.886,Pfizer BioNTech - Comirnaty
Estonia,62.886,Pfizer BioNTech - Comirnaty Bivalent Original/Omicron BA.1
Estonia,62.886,Pfizer BioNTech - Comirnaty Bivalent Original/Omicron BA.4/BA.5
Eswatini,35.985,Janssen - Ad26.COV 2-S
Eswatini,35.985,Pfizer BioNTech - Comirnaty
Eswatini,35.985,SII - Covishield
Ethiopia,32.477,Beijing CNBG - BBIBP-CorV
Ethiopia,32.477,Bharat - Covaxin
Ethiopia,32.477,Janssen - Ad26.COV 2-S
Ethiopia,32.477,SII - Covishield
Falkland Islands (Malvinas),85.444,AstraZeneca - AZD1222
Faroe Islands,83.69,Moderna - mRNA-1273
Faroe Islands,83.69, Pfizer BioNTech - Comirnaty
Fiji,71.493,AstraZeneca - Vaxzevria
Fiji,71.493,Moderna - Spikevax
Fiji,71.493,SII - Covishield
Finland,78.977,AstraZeneca - Vaxzevria
Finland,78.977,Janssen - Ad26.COV 2-S
Finland,78.977,Moderna - Spikevax
Finland,78.977,Pfizer BioNTech - Comirnaty
Finland,78.977,Unknown Vaccine
France,78.958,AstraZeneca - Vaxzevria
France,78.958,Janssen - Ad26.COV 2-S
France,78.958,Moderna - Spikevax
France,78.958,Novavax-NUVAXOVID
France,78.958,Pfizer BioNTech - Comirnaty
France,78.958,Unknown Vaccine
French Guiana,30.193,Moderna - Spikevax
French Guiana,30.193,Pfizer BioNTech - Comirnaty
French Polynesia,58.345,Janssen - Ad26.COV 2-S
French Polynesia,58.345,Pfizer BioNTech - Comirnaty
Gabon,11.568,Beijing CNBG - BBIBP-CorV
Gabon,11.568,Gamaleya - Gam-Covid-Vac
Gabon,11.568,Pfizer BioNTech - Comirnaty
Gambia,18.866,Beijing CNBG - BBIBP-CorV
Gambia,18.866,SII - Covishield
Georgia,29.682,AstraZeneca - Vaxzevria
Georgia,29.682,Beijing CNBG - BBIBP-CorV
Georgia,29.682,Pfizer BioNTech - Comirnaty
Georgia,29.682,Sinovac - CoronaVac
Germany,76.421,AstraZeneca - Vaxzevria
Germany,76.421,Janssen - Ad26.COV 2-S
Germany,76.421,Moderna - Spikevax
Germany,76.421,Moderna – Spikevax Bivalent Original/Omicron  - Generic
Germany,76.421,Novavax-NUVAXOVID
Germany,76.421,Pfizer BioNTech - Comirnaty
Germany,76.421,Pfizer BioNTech - Comirnaty Bivalent Original/Omicron - Generic
Germany,76.421,Unknown Vaccine
Germany,76.421,Valneva - VLA2001
Ghana,31.56,Gamaleya - Gam-Covid-Vac
Ghana,31.56,SII - Covishield
Gibraltar,123.074,AstraZeneca - AZD1222
Gibraltar,123.074, Pfizer BioNTech - Comirnaty
Greece,72.236,AstraZeneca - Vaxzevria
Greece,72.236,Janssen - Ad26.COV 2-S
Greece,72.236,Moderna - Spikevax
Greece,72.236,Novavax-NUVAXOVID
Greece,72.236,Pfizer BioNTech - Comirnaty
Greece,72.236,Pfizer BioNTech - Comirnaty Bivalent Original/Omicron BA.1
Greece,72.236,Pfizer BioNTech - Comirnaty Bivalent Original/Omicron BA.4/BA.5
Greenland,67.834,Moderna - mRNA-1273
Grenada,34.637,AstraZeneca - Vaxzevria
Grenada,34.637,Janssen - Ad26.COV 2-S
Grenada,34.637,Moderna - Spikevax
Grenada,34.637,Pfizer BioNTech - Comirnaty
Grenada,34.637,SII - Covishield
Guadeloupe,36.408,AstraZeneca - Vaxzevria
Guadeloupe,36.408,Janssen - Ad26.COV 2-S
Guadeloupe,36.408,Moderna - Spikevax
Guadeloupe,36.408,Novavax-NUVAXOVID
Guadeloupe,36.408,Pfizer BioNTech - Comirnaty
Guam,83.551,Janssen - Ad26.COV 2-S
Guam,83.551,Moderna - Spikevax
Guam,83.551,Pfizer BioNTech - Comirnaty
Guatemala,39.532,AstraZeneca - Vaxzevria
Guatemala,39.532,Gamaleya - Gam-Covid-Vac
Guatemala,39.532,Moderna - Spikevax
Guatemala,39.532,Pfizer BioNTech - Comirnaty
Guatemala,39.532,SII - Covishield
Guernsey,81.761,Moderna - mRNA-1273
Guernsey,81.761, AstraZeneca - AZD1222
Guernsey,81.761, Pfizer BioNTech - Comirnaty
Guinea,35.855,Beijing CNBG - BBIBP-CorV
Guinea,35.855,Gamaleya - Gam-Covid-Vac
Guinea,35.855,Janssen - Ad26.COV 2-S
Guinea,35.855,Pfizer BioNTech - Comirnaty
Guinea,35.855,SII - Covishield
Guinea,35.855,Sinovac - CoronaVac
Guinea-Bissau,18.392,Beijing CNBG - BBIBP-CorV
Guinea-Bissau,18.392,SII - Covishield
Guyana,48.327,AstraZeneca - Vaxzevria
Guyana,48.327,Beijing CNBG - BBIBP-CorV
Guyana,48.327,Gamaleya - Gam-Covid-Vac
Guyana,48.327,Janssen - Ad26.COV 2-S
Guyana,48.327,Moderna - Spikevax
Guyana,48.327,Pfizer BioNTech - Comirnaty
Guyana,48.327,SII - Covishield
Haiti,2.09,Janssen - Ad26.COV 2-S
Haiti,2.09,Moderna - Spikevax
Honduras,58.487,AstraZeneca - Vaxzevria
Honduras,58.487,Gamaleya - Gam-Covid-Vac
Honduras,58.487,Janssen - Ad26.COV 2-S
Honduras,58.487,Moderna - Spikevax
Honduras,58.487,Pfizer BioNTech - Comirnaty
Honduras,58.487,SII - Covishield
Hungary,62.963,AstraZeneca - Vaxzevria
Hungary,62.963,Beijing CNBG - BBIBP-CorV
Hungary,62.963,Gamaleya - Gam-Covid-Vac
Hungary,62.963,Janssen - Ad26.COV 2-S
Hungary,62.963,Moderna - Spikevax
Hungary,62.963,Pfizer BioNTech - Comirnaty
Hungary,62.963,Pfizer BioNTech - Comirnaty Bivalent Original/Omicron BA.1
Hungary,62.963,Sinovac - CoronaVac
Iceland,81.805,AstraZeneca - Vaxzevria
Iceland,81.805,Janssen - Ad26.COV 2-S
Iceland,81.805,Moderna - Spikevax
Iceland,81.805,Novavax-NUVAXOVID
Iceland,81.805,Pfizer BioNTech - Comirnaty
India,68.975,Bharat - Covaxin
India,68.975,Biological E - Corbevax
India,68.975,Gamaleya - Gam-Covid-Vac
India,68.975,Janssen - Ad26.COV 2-S
India,68.975,Moderna - Spikevax
India,68.975,SII - Covishield
India,68.975,SII - Covovax
India,68.975,Zydus - ZyCov-D
Indonesia,63.137,AstraZeneca - Vaxzevria
Indonesia,63.137,Beijing CNBG - BBIBP-CorV
Indonesia,63.137,Janssen - Ad26.COV 2-S
Indonesia,63.137,Moderna - Spikevax
Indonesia,63.137,Novavax-NUVAXOVID
Indonesia,63.137,Pfizer BioNTech - Comirnaty
Indonesia,63.137,Sinovac - CoronaVac
Iran (Islamic Republic of),69.702,AstraZeneca - Vaxzevria
Iran (Islamic Republic of),69.702,Beijing CNBG - BBIBP-CorV
Iran (Islamic Republic of),69.702,Bharat - Covaxin
Iran (Islamic Republic of),69.702,CanSino - Convidecia
Iran (Islamic Republic of),69.702,Finlay - Soberana-02
Iran (Islamic Republic of),69.702,Gamaleya - Gam-Covid-Vac
Iran (Islamic Republic of),69.702,Gamaleya - Sputnik-Light
Iran (Islamic Republic of),69.702,Janssen - Ad26.COV 2-S
Iran (Islamic Republic of),69.702,Moderna - Spikevax
Iran (Islamic Republic of),69.702,Pfizer BioNTech - Comirnaty
Iran (Islamic Republic of),69.702,Shifa - COVIran Barakat
Iran (Islamic Republic of),69.702,Sinovac - CoronaVac
Iraq,19.752,AstraZeneca - Vaxzevria
Iraq,19.752,Beijing CNBG - BBIBP-CorV
Iraq,19.752,Bharat - Covaxin
Iraq,19.752,CanSino - Convidecia
Iraq,19.752,Gamaleya - Gam-Covid-Vac
Iraq,19.752,Gamaleya - Sputnik-Light
Iraq,19.752,Janssen - Ad26.COV 2-S
Iraq,19.752,Moderna - Spikevax
Iraq,19.752,Pfizer BioNTech - Comirnaty
Iraq,19.752,Sinovac - CoronaVac
Ireland,81.776,AstraZeneca - Vaxzevria
Ireland,81.776,Janssen - Ad26.COV 2-S
Ireland,81.776,Moderna - Spikevax
Ireland,81.776,Novavax-NUVAXOVID
Ireland,81.776,Pfizer BioNTech - Comirnaty
Isle of Man,78.919,Moderna - mRNA-1273
Isle of Man,78.919, AstraZeneca - AZD1222
Isle of Man,78.919, Pfizer BioNTech - Comirnaty
Israel,73.776,AstraZeneca - Vaxzevria
Israel,73.776,Moderna - Spikevax
Israel,73.776,Pfizer BioNTech - Comirnaty
Italy,82.962,AstraZeneca - Vaxzevria
Italy,82.962,Janssen - Ad26.COV 2-S
Italy,82.962,Moderna - Spikevax
Italy,82.962,Moderna – Spikevax Bivalent Original/Omicron BA.1
Italy,82.962,Novavax-NUVAXOVID
Italy,82.962,Pfizer BioNTech - Comirnaty
Italy,82.962,Pfizer BioNTech - Comirnaty Bivalent Original/Omicron BA.1
Italy,82.962,Pfizer BioNTech - Comirnaty Bivalent Original/Omicron BA.4/BA.5
Jamaica,25.246,AstraZeneca - Vaxzevria
Jamaica,25.246,Beijing CNBG - BBIBP-CorV
Jamaica,25.246,Janssen - Ad26.COV 2-S
Jamaica,25.246,Pfizer BioNTech - Comirnaty
Jamaica,25.246,SII - Covishield
Japan,81.686,AstraZeneca - Vaxzevria
Japan,81.686,Moderna - Spikevax
Japan,81.686,Novavax-NUVAXOVID
Japan,81.686,Pfizer BioNTech - Comirnaty
Jersey,75.96,Moderna - mRNA-1273
Jersey,75.96, AstraZeneca - AZD1222
Jersey,75.96, Pfizer BioNTech - Comirnaty
Jordan,44.676,AstraZeneca - Vaxzevria
Jordan,44.676,Beijing CNBG - BBIBP-CorV
Jordan,44.676,Bharat - Covaxin
Jordan,44.676,CanSino - Convidecia
Jordan,44.676,Gamaleya - Gam-Covid-Vac
Jordan,44.676,Gamaleya - Sputnik-Light
Jordan,44.676,Janssen - Ad26.COV 2-S
Jordan,44.676,Moderna - Spikevax
Jordan,44.676,Pfizer BioNTech - Comirnaty
Jordan,44.676,Sinovac - CoronaVac
Kazakhstan,69.467,Beijing CNBG - BBIBP-CorV
Kazakhstan,69.467,Gamaleya - Gam-Covid-Vac
Kazakhstan,69.467,Pfizer BioNTech - Comirnaty
Kazakhstan,69.467,RIBSP - QazVac
Kazakhstan,69.467,Sinovac - CoronaVac
Kenya,20.36,Beijing CNBG - BBIBP-CorV
Kenya,20.36,Janssen - Ad26.COV 2-S
Kenya,20.36,Moderna - Spikevax
Kenya,20.36,Pfizer BioNTech - Comirnaty
Kenya,20.36,SII - Covishield
Kiribati,68.208,AstraZeneca - Vaxzevria
Kiribati,68.208,Beijing CNBG - BBIBP-CorV
Kosovo,45.93,AstraZeneca - Vaxzevria
Kosovo,45.93,Pfizer BioNTech - Comirnaty
Kuwait,78.326,AstraZeneca - Vaxzevria
Kuwait,78.326,Beijing CNBG - BBIBP-CorV
Kuwait,78.326,Bharat - Covaxin
Kuwait,78.326,CanSino - Convidecia
Kuwait,78.326,Gamaleya - Gam-Covid-Vac
Kuwait,78.326,Gamaleya - Sputnik-Light
Kuwait,78.326,Janssen - Ad26.COV 2-S
Kuwait,78.326,Moderna - Spikevax
Kuwait,78.326,Pfizer BioNTech - Comirnaty
Kuwait,78.326,Sinovac - CoronaVac
Kyrgyzstan,20.211,AstraZeneca - Vaxzevria
Kyrgyzstan,20.211,Beijing CNBG - BBIBP-CorV
Kyrgyzstan,20.211,Gamaleya - Gam-Covid-Vac
Kyrgyzstan,20.211,Moderna - Spikevax
Kyrgyzstan,20.211,Pfizer BioNTech - Comirnaty
Kyrgyzstan,20.211,RIBSP - QazVac
Lao People's Democratic Republic,77.637,AstraZeneca - Vaxzevria
Lao People's Democratic Republic,77.637,Beijing CNBG - BBIBP-CorV
Lao People's Democratic Republic,77.637,Gamaleya - Gam-Covid-Vac
Lao People's Democratic Republic,77.637,Gamaleya - Sputnik-Light
Lao People's Democratic Republic,77.637,Janssen - Ad26.COV 2-S
Lao People's Democratic Republic,77.637,Pfizer BioNTech - Comirnaty
Lao People's Democratic Republic,77.637,SII - Covishield
Lao People's Democratic Republic,77.637,Sinovac - CoronaVac
Latvia,68.379,AstraZeneca - Vaxzevria
Latvia,68.379,Janssen - Ad26.COV 2-S
Latvia,68.379,Moderna - Spikevax
Latvia,68.379,Novavax-NUVAXOVID
Latvia,68.379,Pfizer BioNTech - Comirnaty
Lebanon,35.371,AstraZeneca - Vaxzevria
Lebanon,35.371,Beijing CNBG - BBIBP-CorV
Lebanon,35.371,Bharat - Covaxin
Lebanon,35.371,CanSino - Convidecia
Lebanon,35.371,Gamaleya - Gam-Covid-Vac
Lebanon,35.371,Gamaleya - Sputnik-Light
Lebanon,35.371,Janssen - Ad26.COV 2-S
Lebanon,35.371,Moderna - Spikevax
Lebanon,35.371,Pfizer BioNTech - Comirnaty
Lebanon,35.371,Sinovac - CoronaVac
Lesotho,43.54,Beijing CNBG - BBIBP-CorV
Lesotho,43.54,Janssen - Ad26.COV 2-S
Lesotho,43.54,SII - Covishield
Liberia,73.768,SII - Covishield
Libya,17.989,AstraZeneca - Vaxzevria
Libya,17.989,Beijing CNBG - BBIBP-CorV
Libya,17.989,Bharat - Covaxin
Libya,17.989,CanSino - Convidecia
Libya,17.989,Gamaleya - Gam-Covid-Vac
Libya,17.989,Gamaleya - Sputnik-Light
Libya,17.989,Janssen - Ad26.COV 2-S
Libya,17.989,Moderna - Spikevax
Libya,17.989,Pfizer BioNTech - Comirnaty
Libya,17.989,Sinovac - CoronaVac
Liechtenstein,67.995,Janssen - Ad26.COV 2-S
Liechtenstein,67.995,Moderna - Spikevax
Liechtenstein,67.995,Pfizer BioNTech - Comirnaty
Lithuania,68.235,AstraZeneca - Vaxzevria
Lithuania,68.235,Janssen - Ad26.COV 2-S
Lithuania,68.235,Moderna - Spikevax
Lithuania,68.235,Pfizer BioNTech - Comirnaty
Lithuania,68.235,Unknown Vaccine
Luxembourg,73.89,AstraZeneca - Vaxzevria
Luxembourg,73.89,Janssen - Ad26.COV 2-S
Luxembourg,73.89,Moderna - Spikevax
Luxembourg,73.89,Moderna – Spikevax Bivalent Original/Omicron BA.1
Luxembourg,73.89,Novavax-NUVAXOVID
Luxembourg,73.89,Pfizer BioNTech - Comirnaty
Luxembourg,73.89,Pfizer BioNTech - Comirnaty Bivalent Original/Omicron BA.1
Luxembourg,73.89,Pfizer BioNTech - Comirnaty Bivalent Original/Omicron BA.4/BA.5
Madagascar,8.143,Beijing CNBG - BBIBP-CorV
Madagascar,8.143,Janssen - Ad26.COV 2-S
Madagascar,8.143,SII - Covishield
Malawi,20.623,Janssen - Ad26.COV 2-S
Malawi,20.623,SII - Covishield
Malaysia,85.079,AstraZeneca - Vaxzevria
Malaysia,85.079,Beijing CNBG - BBIBP-CorV
Malaysia,85.079,CanSino - Convidecia
Malaysia,85.079,Gamaleya - Gam-Covid-Vac
Malaysia,85.079,Janssen - Ad26.COV 2-S
Malaysia,85.079,Moderna - Spikevax
Malaysia,85.079,Pfizer BioNTech - Comirnaty
Malaysia,85.079,Sinovac - CoronaVac
Maldives,71.243,AstraZeneca - Vaxzevria
Maldives,71.243,Beijing CNBG - BBIBP-CorV
Maldives,71.243,Gamaleya - Gam-Covid-Vac
Maldives,71.243,Janssen - Ad26.COV 2-S
Maldives,71.243,Moderna - Spikevax
Maldives,71.243,Pfizer BioNTech - Comirnaty
Maldives,71.243,SII - Covishield
Maldives,71.243,Sinovac - CoronaVac
Mali,14.589,SII - Covishield
Malta,86.458,AstraZeneca - Vaxzevria
Malta,86.458,Janssen - Ad26.COV 2-S
Malta,86.458,Moderna - Spikevax
Malta,86.458,Pfizer BioNTech - Comirnaty
Marshall Islands,66.85,Janssen - Ad26.COV 2-S
Marshall Islands,66.85,Moderna - Spikevax
Marshall Islands,66.85,Pfizer BioNTech - Comirnaty
Martinique,38.719,Pfizer BioNTech - Comirnaty
Mauritania,33.074,Beijing CNBG - BBIBP-CorV
Mauritania,33.074,SII - Covishield
Mauritius,85.561,Beijing CNBG - BBIBP-CorV
Mauritius,85.561,Bharat - Covaxin
Mauritius,85.561,SII - Covishield
Mexico,63.483,AstraZeneca - Vaxzevria
Mexico,63.483,CanSino - Convidecia
Mexico,63.483,CIGB - CIGB-66
Mexico,63.483,Gamaleya - Gam-Covid-Vac
Mexico,63.483,Janssen - Ad26.COV 2-S
Mexico,63.483,Moderna - Spikevax
Mexico,63.483,Pfizer BioNTech - Comirnaty
Mexico,63.483,Sinovac - CoronaVac
Micronesia (Federated States of),57.531,AstraZeneca - Vaxzevria
Micronesia (Federated States of),57.531,Janssen - Ad26.COV 2-S
Micronesia (Federated States of),57.531,Moderna - Spikevax
Micronesia (Federated States of),57.531,Pfizer BioNTech - Comirnaty
Monaco,63.533,AstraZeneca - Vaxzevria
Monaco,63.533,Janssen - Ad26.COV 2-S
Monaco,63.533,Moderna - Spikevax
Monaco,63.533,Novavax - Covavax
Monaco,63.533,Novavax-NUVAXOVID
Monaco,63.533,Pfizer BioNTech - Comirnaty
Monaco,63.533,Unknown Vaccine
Mongolia,66.654,AstraZeneca - Vaxzevria
Mongolia,66.654,Beijing CNBG - BBIBP-CorV
Mongolia,66.654,Gamaleya - Gam-Covid-Vac
Mongolia,66.654,Moderna - Spikevax
Mongolia,66.654,Pfizer BioNTech - Comirnaty
Mongolia,66.654,SII - Covishield
Montenegro,40.456,AstraZeneca - Vaxzevria
Montenegro,40.456,Beijing CNBG - BBIBP-CorV
Montenegro,40.456,Gamaleya - Gam-Covid-Vac
Montenegro,40.456,Pfizer BioNTech - Comirnaty
Montenegro,40.456,Unknown Vaccine
Montserrat,39.048,AstraZeneca - Vaxzevria
Morocco,63.723,AstraZeneca - Vaxzevria
Morocco,63.723,Beijing CNBG - BBIBP-CorV
Morocco,63.723,Bharat - Covaxin
Morocco,63.723,CanSino - Convidecia
Morocco,63.723,Gamaleya - Gam-Covid-Vac
Morocco,63.723,Gamaleya - Sputnik-Light
Morocco,63.723,Janssen - Ad26.COV 2-S
Morocco,63.723,Moderna - Spikevax
Morocco,63.723,Pfizer BioNTech - Comirnaty
Morocco,63.723,Sinovac - CoronaVac
Mozambique,59.084,Beijing CNBG - BBIBP-CorV
Mozambique,59.084,Janssen - Ad26.COV 2-S
Mozambique,59.084,SII - Covishield
Myanmar,50.626,Beijing CNBG - BBIBP-CorV
Myanmar,50.626,SII - Covishield
Namibia,20.959,Beijing CNBG - BBIBP-CorV
Namibia,20.959,Janssen - Ad26.COV 2-S
Namibia,20.959,Pfizer BioNTech - Comirnaty
Namibia,20.959,SII - Covishield
Nauru,104.726,AstraZeneca - Vaxzevria
Nauru,104.726,SII - Covishield
Nepal,83.169,AstraZeneca - Vaxzevria
Nepal,83.169,Beijing CNBG - BBIBP-CorV
Nepal,83.169,Bharat - Covaxin
Nepal,83.169,Gamaleya - Gam-Covid-Vac
Nepal,83.169,Janssen - Ad26.COV 2-S
Nepal,83.169,Moderna - Spikevax
Nepal,83.169,Pfizer BioNTech - Comirnaty
Nepal,83.169,SII - Covishield
Netherlands,68.689,AstraZeneca - Vaxzevria
Netherlands,68.689,Janssen - Ad26.COV 2-S
Netherlands,68.689,Moderna - Spikevax
Netherlands,68.689,Novavax-NUVAXOVID
Netherlands,68.689,Pfizer BioNTech - Comirnaty
Netherlands,68.689,Unknown Vaccine
New Caledonia,64.675,Janssen - Ad26.COV 2-S
New Caledonia,64.675,Pfizer BioNTech - Comirnaty
New Zealand,84.776,AstraZeneca - Vaxzevria
New Zealand,84.776,Janssen - Ad26.COV 2-S
New Zealand,84.776,Novavax-NUVAXOVID
New Zealand,84.776,Pfizer BioNTech - Comirnaty
Nicaragua,90.76,AstraZeneca - Vaxzevria
Nicaragua,90.76,CIGB - CIGB-66
Nicaragua,90.76,Finlay - Soberana Plus
Nicaragua,90.76,Finlay - Soberana-02
Nicaragua,90.76,Gamaleya - Gam-Covid-Vac
Nicaragua,90.76,Gamaleya - Sputnik-Light
Nicaragua,90.76,Janssen - Ad26.COV 2-S
Nicaragua,90.76,Pfizer BioNTech - Comirnaty
Nicaragua,90.76,SII - Covishield
Niger,22.144,Beijing CNBG - BBIBP-CorV
Niger,22.144,SII - Covishield
Nigeria,32.365,SII - Covishield
Niue,100.989,Pfizer BioNTech - Comirnaty
North Macedonia,40.365,AstraZeneca - Vaxzevria
North Macedonia,40.365,Beijing CNBG - BBIBP-CorV
North Macedonia,40.365,Gamaleya - Gam-Covid-Vac
North Macedonia,40.365,Moderna - Spikevax
North Macedonia,40.365,Pfizer BioNTech - Comirnaty
North Macedonia,40.365,Sinovac - CoronaVac
North Macedonia,40.365,Wuhan CNBG - Inactivated
Northern Mariana Islands (Commonwealth of the),78.204,Janssen - Ad26.COV 2-S
Northern Mariana Islands (Commonwealth of the),78.204,Moderna - Spikevax
Northern Mariana Islands (Commonwealth of the),78.204,Pfizer BioNTech - Comirnaty
Norway,75.662,AstraZeneca - Vaxzevria
Norway,75.662,Janssen - Ad26.COV 2-S
Norway,75.662,Moderna - Spikevax
Norway,75.662,Pfizer BioNTech - Comirnaty
occupied Palestinian territory,34.833,AstraZeneca - Vaxzevria
occupied Palestinian territory,34.833,Beijing CNBG - BBIBP-CorV
occupied Palestinian territory,34.833,Bharat - Covaxin
occupied Palestinian territory,34.833,CanSino - Convidecia
occupied Palestinian territory,34.833,Gamaleya - Gam-Covid-Vac
occupied Palestinian territory,34.833,Gamaleya - Sputnik-Light
occupied Palestinian territory,34.833,Janssen - Ad26.COV 2-S
occupied Palestinian territory,34.833,Moderna - Spikevax
occupied Palestinian territory,34.833,Pfizer BioNTech - Comirnaty
occupied Palestinian territory,34.833,Sinovac - CoronaVac
Oman,59.703,AstraZeneca - Vaxzevria
Oman,59.703,Beijing CNBG - BBIBP-CorV
Oman,59.703,Bharat - Covaxin
Oman,59.703,CanSino - Convidecia
Oman,59.703,Gamaleya - Gam-Covid-Vac
Oman,59.703,Gamaleya - Sputnik-Light
Oman,59.703,Janssen - Ad26.COV 2-S
Oman,59.703,Moderna - Spikevax
Oman,59.703,Pfizer BioNTech - Comirnaty
Oman,59.703,SII - Covishield
Oman,59.703,Sinovac - CoronaVac
Pakistan,63.03,AstraZeneca - Vaxzevria
Pakistan,63.03,Beijing CNBG - BBIBP-CorV
Pakistan,63.03,Bharat - Covaxin
Pakistan,63.03,CanSino - Convidecia
Pakistan,63.03,Gamaleya - Gam-Covid-Vac
Pakistan,63.03,Gamaleya - Sputnik-Light
Pakistan,63.03,Janssen - Ad26.COV 2-S
Pakistan,63.03,Moderna - Spikevax
Pakistan,63.03,Pfizer BioNTech - Comirnaty
Pakistan,63.03,SII - Covishield
Pakistan,63.03,Sinovac - CoronaVac
Palau,101.067,Janssen - Ad26.COV 2-S
Palau,101.067,Moderna - Spikevax
Palau,101.067,Pfizer BioNTech - Comirnaty
Panama,73.445,AstraZeneca - Vaxzevria
Panama,73.445,Pfizer BioNTech - Comirnaty
Papua New Guinea,3.523,AstraZeneca - Vaxzevria
Papua New Guinea,3.523,Beijing CNBG - BBIBP-CorV
Papua New Guinea,3.523,Janssen - Ad26.COV 2-S
Papua New Guinea,3.523,SII - Covishield
Paraguay,49.653,AstraZeneca - Vaxzevria
Paraguay,49.653,Beijing CNBG - BBIBP-CorV
Paraguay,49.653,Bharat - Covaxin
Paraguay,49.653,Gamaleya - Gam-Covid-Vac
Paraguay,49.653,Julphar - Hayat-Vax
Paraguay,49.653,Moderna - Spikevax
Paraguay,49.653,Pfizer BioNTech - Comirnaty
Paraguay,49.653,Sinovac - CoronaVac
Peru,86.383,AstraZeneca - Vaxzevria
Peru,86.383,Beijing CNBG - BBIBP-CorV
Peru,86.383,Moderna - Spikevax
Peru,86.383,Pfizer BioNTech - Comirnaty
Philippines,67.559,AstraZeneca - Vaxzevria
Philippines,67.559,Beijing CNBG - BBIBP-CorV
Philippines,67.559,Bharat - Covaxin
Philippines,67.559,Gamaleya - Gam-Covid-Vac
Philippines,67.559,Gamaleya - Sputnik-Light
Philippines,67.559,Janssen - Ad26.COV 2-S
Philippines,67.559,Julphar - Hayat-Vax
Philippines,67.559,Moderna - Spikevax
Philippines,67.559,Novavax-NUVAXOVID
Philippines,67.559,Pfizer BioNTech - Comirnaty
Philippines,67.559,Sinovac - CoronaVac
Pitcairn Islands,74.0,AstraZeneca - Vaxzevria
Poland,59.733,AstraZeneca - Vaxzevria
Poland,59.733,Janssen - Ad26.COV 2-S
Poland,59.733,Moderna - Spikevax
Poland,59.733,Novavax-NUVAXOVID
Poland,59.733,Pfizer BioNTech - Comirnaty
Portugal,86.378,AstraZeneca - Vaxzevria
Portugal,86.378,Beijing CNBG - BBIBP-CorV
Portugal,86.378,Bharat - Covaxin
Portugal,86.378,Janssen - Ad26.COV 2-S
Portugal,86.378,Moderna - Spikevax
Portugal,86.378,Moderna – Spikevax Bivalent Original/Omicron BA.1
Portugal,86.378,Novavax-NUVAXOVID
Portugal,86.378,Pfizer BioNTech - Comirnaty
Portugal,86.378,Pfizer BioNTech - Comirnaty Bivalent Original/Omicron BA.1
Portugal,86.378,Pfizer BioNTech - Comirnaty Bivalent Original/Omicron BA.4/BA.5
Portugal,86.378,Sinovac - CoronaVac
Puerto Rico,93.817,Janssen - Ad26.COV 2-S
Puerto Rico,93.817,Moderna - Spikevax
Puerto Rico,93.817,Novavax-NUVAXOVID
Puerto Rico,93.817,Pfizer BioNTech - Comirnaty
Qatar,98.984,AstraZeneca - Vaxzevria
Qatar,98.984,Beijing CNBG - BBIBP-CorV
Qatar,98.984,Bharat - Covaxin
Qatar,98.984,CanSino - Convidecia
Qatar,98.984,Gamaleya - Gam-Covid-Vac
Qatar,98.984,Gamaleya - Sputnik-Light
Qatar,98.984,Janssen - Ad26.COV 2-S
Qatar,98.984,Moderna - Spikevax
Qatar,98.984,Pfizer BioNTech - Comirnaty
Qatar,98.984,Sinovac - CoronaVac
Republic of Korea,86.696,AstraZeneca - Vaxzevria
Republic of Korea,86.696,Janssen - Ad26.COV 2-S
Republic of Korea,86.696,Moderna - Spikevax
Republic of Korea,86.696,Novavax-NUVAXOVID
Republic of Korea,86.696,Pfizer BioNTech - Comirnaty
Republic of Moldova,26.67,AstraZeneca - Vaxzevria
Republic of Moldova,26.67,Beijing CNBG - BBIBP-CorV
Republic of Moldova,26.67,Gamaleya - Gam-Covid-Vac
Republic of Moldova,26.67,Janssen - Ad26.COV 2-S
Republic of Moldova,26.67,Moderna - Spikevax
Republic of Moldova,26.67,Pfizer BioNTech - Comirnaty
Republic of Moldova,26.67,Sinovac - CoronaVac
Romania,42.116,AstraZeneca - Vaxzevria
Romania,42.116,Janssen - Ad26.COV 2-S
Romania,42.116,Moderna - Spikevax
Romania,42.116,Pfizer BioNTech - Comirnaty
Russian Federation,54.215,SRCVB - EpiVacCorona
Russian Federation,54.215, Gamaleya - Sputnik V
Rwanda,76.418,Beijing CNBG - BBIBP-CorV
Rwanda,76.418,Gamaleya - Gam-Covid-Vac
Rwanda,76.418,Janssen - Ad26.COV 2-S
Rwanda,76.418,Moderna - Spikevax
Rwanda,76.418,Pfizer BioNTech - Comirnaty
Rwanda,76.418,SII - Covishield
Rwanda,76.418,Sinovac - CoronaVac
"Saint Helena, Ascension and Tristan da Cunha",58.162,AstraZeneca - AZD1222
Saint Kitts and Nevis,50.76,AstraZeneca - Vaxzevria
Saint Kitts and Nevis,50.76,Pfizer BioNTech - Comirnaty
Saint Kitts and Nevis,50.76,SII - Covishield
Saint Lucia,29.936,AstraZeneca - Vaxzevria
Saint Lucia,29.936,Janssen - Ad26.COV 2-S
Saint Lucia,29.936,Moderna - Spikevax
Saint Lucia,29.936,Pfizer BioNTech - Comirnaty
Saint Lucia,29.936,SII - Covishield
Saint Vincent and the Grenadines,28.493,AstraZeneca - Vaxzevria
Saint Vincent and the Grenadines,28.493,Gamaleya - Gam-Covid-Vac
Saint Vincent and the Grenadines,28.493,Gamaleya - Sputnik-Light
Saint Vincent and the Grenadines,28.493,Pfizer BioNTech - Comirnaty
Saint Vincent and the Grenadines,28.493,SII - Covishield
Samoa,89.567,AstraZeneca - Vaxzevria
Samoa,89.567,Pfizer BioNTech - Comirnaty
San Marino,68.595,Gamaleya - Gam-Covid-Vac
San Marino,68.595,Pfizer BioNTech - Comirnaty
Sao Tome and Principe,47.437,AstraZeneca - Vaxzevria
Sao Tome and Principe,47.437,SII - Covishield
Saudi Arabia,72.973,AstraZeneca - Vaxzevria
Saudi Arabia,72.973,Beijing CNBG - BBIBP-CorV
Saudi Arabia,72.973,Bharat - Covaxin
Saudi Arabia,72.973,CanSino - Convidecia
Saudi Arabia,72.973,Gamaleya - Gam-Covid-Vac
Saudi Arabia,72.973,Gamaleya - Sputnik-Light
Saudi Arabia,72.973,Janssen - Ad26.COV 2-S
Saudi Arabia,72.973,Moderna - Spikevax
Saudi Arabia,72.973,Pfizer BioNTech - Comirnaty
Saudi Arabia,72.973,Sinovac - CoronaVac
Senegal,8.593,Beijing CNBG - BBIBP-CorV
Senegal,8.593,Janssen - Ad26.COV 2-S
Senegal,8.593,SII - Covishield
Serbia,47.975,AstraZeneca - Vaxzevria
Serbia,47.975,Beijing CNBG - BBIBP-CorV
Serbia,47.975,Gamaleya - Gam-Covid-Vac
Serbia,47.975,Moderna - Spikevax
Serbia,47.975,Pfizer BioNTech - Comirnaty
Seychelles,83.106,Beijing CNBG - BBIBP-CorV
Seychelles,83.106,Gamaleya - Gam-Covid-Vac
Seychelles,83.106,Julphar - Hayat-Vax
Seychelles,83.106,SII - Covishield
Sierra Leone,48.341,Beijing CNBG - BBIBP-CorV
Sierra Leone,48.341,SII - Covishield
Singapore,87.527,AstraZeneca - Vaxzevria
Singapore,87.527,Beijing CNBG - BBIBP-CorV
Singapore,87.527,Moderna - Spikevax
Singapore,87.527,Pfizer BioNTech - Comirnaty
Sint Maarten,62.378,AstraZeneca - Vaxzevria
Sint Maarten,62.378,Moderna - Spikevax
Sint Maarten,62.378,Pfizer BioNTech - Comirnaty
Slovakia,51.135,AstraZeneca - Vaxzevria
Slovakia,51.135,Gamaleya - Gam-Covid-Vac
Slovakia,51.135,Janssen - Ad26.COV 2-S
Slovakia,51.135,Moderna - Spikevax
Slovakia,51.135,Novavax-NUVAXOVID
Slovakia,51.135,Pfizer BioNTech - Comirnaty
Slovakia,51.135,Unknown Vaccine
Slovenia,57.135,AstraZeneca - Vaxzevria
Slovenia,57.135,Janssen - Ad26.COV 2-S
Slovenia,57.135,Moderna - Spikevax
Slovenia,57.135,Novavax-NUVAXOVID
Slovenia,57.135,Pfizer BioNTech - Comirnaty
Slovenia,57.135,Unknown Vaccine
Solomon Islands,34.637,AstraZeneca - Vaxzevria
Solomon Islands,34.637,Beijing CNBG - BBIBP-CorV
Solomon Islands,34.637,Pfizer BioNTech - Comirnaty
Solomon Islands,34.637,SII - Covishield
Somalia,41.085,AstraZeneca - Vaxzevria
Somalia,41.085,Beijing CNBG - BBIBP-CorV
Somalia,41.085,Bharat - Covaxin
Somalia,41.085,CanSino - Convidecia
Somalia,41.085,Gamaleya - Gam-Covid-Vac
Somalia,41.085,Gamaleya - Sputnik-Light
Somalia,41.085,Janssen - Ad26.COV 2-S
Somalia,41.085,Moderna - Spikevax
Somalia,41.085,Pfizer BioNTech - Comirnaty
Somalia,41.085,SII - Covishield
Somalia,41.085,Sinovac - CoronaVac
South Africa,35.473,Janssen - Ad26.COV 2-S
South Africa,35.473,Pfizer BioNTech - Comirnaty
South Sudan,27.527,Janssen - Ad26.COV 2-S
South Sudan,27.527,SII - Covishield
Spain,79.175,AstraZeneca - Vaxzevria
Spain,79.175,Janssen - Ad26.COV 2-S
Spain,79.175,Moderna - Spikevax
Spain,79.175,Pfizer BioNTech - Comirnaty
Sri Lanka,68.896,AstraZeneca - Vaxzevria
Sri Lanka,68.896,Beijing CNBG - BBIBP-CorV
Sri Lanka,68.896,Gamaleya - Gam-Covid-Vac
Sri Lanka,68.896,Moderna - Spikevax
Sri Lanka,68.896,Pfizer BioNTech - Comirnaty
Sri Lanka,68.896,SII - Covishield
Sudan,24.12,AstraZeneca - Vaxzevria
Sudan,24.12,Beijing CNBG - BBIBP-CorV
Sudan,24.12,Bharat - Covaxin
Sudan,24.12,CanSino - Convidecia
Sudan,24.12,Gamaleya - Gam-Covid-Vac
Sudan,24.12,Gamaleya - Sputnik-Light
Sudan,24.12,Janssen - Ad26.COV 2-S
Sudan,24.12,Moderna - Spikevax
Sudan,24.12,Pfizer BioNTech - Comirnaty
Sudan,24.12,SII - Covishield
Sudan,24.12,Sinovac - CoronaVac
Suriname,40.55,AstraZeneca - Vaxzevria
Suriname,40.55,Beijing CNBG - BBIBP-CorV
Suriname,40.55,Moderna - Spikevax
Suriname,40.55,Pfizer BioNTech - Comirnaty
Suriname,40.55,SII - Covishield
Sweden,71.401,AstraZeneca - Vaxzevria
Sweden,71.401,Moderna - Spikevax
Sweden,71.401,Novavax-NUVAXOVID
Sweden,71.401,Pfizer BioNTech - Comirnaty
Sweden,71.401,Unknown Vaccine
Switzerland,66.483,Janssen - Ad26.COV 2-S
Switzerland,66.483,Moderna - Spikevax
Switzerland,66.483,Moderna – Spikevax Bivalent Original/Omicron BA.1
Switzerland,66.483,Novavax-NUVAXOVID
Switzerland,66.483,Pfizer BioNTech - Comirnaty
Switzerland,66.483,Pfizer BioNTech - Comirnaty Bivalent Original/Omicron BA.1
Syrian Arab Republic,12.897,AstraZeneca - Vaxzevria
Syrian Arab Republic,12.897,Beijing CNBG - BBIBP-CorV
Syrian Arab Republic,12.897,Bharat - Covaxin
Syrian Arab Republic,12.897,CanSino - Convidecia
Syrian Arab Republic,12.897,Gamaleya - Gam-Covid-Vac
Syrian Arab Republic,12.897,Gamaleya - Sputnik-Light
Syrian Arab Republic,12.897,Janssen - Ad26.COV 2-S
Syrian Arab Republic,12.897,Moderna - Spikevax
Syrian Arab Republic,12.897,Pfizer BioNTech - Comirnaty
Syrian Arab Republic,12.897,SII - Covishield
Syrian Arab Republic,12.897,Sinovac - CoronaVac
Tajikistan,54.212,AstraZeneca - Vaxzevria
Tajikistan,54.212,Gamaleya - Gam-Covid-Vac
Tajikistan,54.212,Moderna - Spikevax
Tajikistan,54.212,Pfizer BioNTech - Comirnaty
Tajikistan,54.212,SII - Covishield
Tajikistan,54.212,Sinovac - CoronaVac
Thailand,77.522,AstraZeneca - Vaxzevria
Thailand,77.522,Beijing CNBG - BBIBP-CorV
Thailand,77.522,Janssen - Ad26.COV 2-S
Thailand,77.522,Moderna - Spikevax
Thailand,77.522,Pfizer BioNTech - Comirnaty
Thailand,77.522,SII - Covishield
Thailand,77.522,SII - Covovax
Thailand,77.522,Sinovac - CoronaVac
The United Kingdom,74.586,AstraZeneca - Vaxzevria
The United Kingdom,74.586,Moderna - Spikevax
The United Kingdom,74.586,Pfizer BioNTech - Comirnaty
Timor-Leste,60.527,AstraZeneca - Vaxzevria
Timor-Leste,60.527,Pfizer BioNTech - Comirnaty
Timor-Leste,60.527,SII - Covishield
Timor-Leste,60.527,Sinovac - CoronaVac
Togo,18.772,SII - Covishield
Tokelau,163.185,Pfizer BioNTech - Comirnaty
Tonga,72.864,AstraZeneca - Vaxzevria
Tonga,72.864,Pfizer BioNTech - Comirnaty
Trinidad and Tobago,51.338,AstraZeneca - Vaxzevria
Trinidad and Tobago,51.338,Beijing CNBG - BBIBP-CorV
Trinidad and Tobago,51.338,Janssen - Ad26.COV 2-S
Trinidad and Tobago,51.338,Pfizer BioNTech - Comirnaty
Trinidad and Tobago,51.338,SII - Covishield
Tunisia,54.143,AstraZeneca - Vaxzevria
Tunisia,54.143,Beijing CNBG - BBIBP-CorV
Tunisia,54.143,Bharat - Covaxin
Tunisia,54.143,CanSino - Convidecia
Tunisia,54.143,Gamaleya - Gam-Covid-Vac
Tunisia,54.143,Gamaleya - Sputnik-Light
Tunisia,54.143,Janssen - Ad26.COV 2-S
Tunisia,54.143,Moderna - Spikevax
Tunisia,54.143,Pfizer BioNTech - Comirnaty
Tunisia,54.143,Sinovac - CoronaVac
Turkey,60.935,Pfizer BioNTech - Comirnaty
Turkey,60.935, Sinovac - CoronaVac
Turkey,60.935, Turkovac
Turkmenistan,55.684,Anhui ZL - Zifivax
Turkmenistan,55.684,AstraZeneca - Vaxzevria
Turkmenistan,55.684,Beijing CNBG - BBIBP-CorV
Turkmenistan,55.684,Gamaleya - Gam-Covid-Vac
Turkmenistan,55.684,RIBSP - QazVac
Turkmenistan,55.684,SRCVB - EpiVacCorona
Turkmenistan,55.684,Unknown Vaccine
Turks and Caicos Islands,79.317,Pfizer BioNTech - Comirnaty
Tuvalu,79.054,AstraZeneca - Vaxzevria
Uganda,28.473,Janssen - Ad26.COV 2-S
Uganda,28.473,Moderna - Spikevax
Uganda,28.473,Pfizer BioNTech - Comirnaty
Uganda,28.473,SII - Covishield
Uganda,28.473,Sinovac - CoronaVac
Ukraine,34.65,AstraZeneca - Vaxzevria
Ukraine,34.65,Janssen - Ad26.COV 2-S
Ukraine,34.65,Moderna - Spikevax
Ukraine,34.65,Pfizer BioNTech - Comirnaty
Ukraine,34.65,SII - Covishield
Ukraine,34.65,Sinovac - CoronaVac
United Arab Emirates,99.008,AstraZeneca - Vaxzevria
United Arab Emirates,99.008,Beijing CNBG - BBIBP-CorV
United Arab Emirates,99.008,Bharat - Covaxin
United Arab Emirates,99.008,CanSino - Convidecia
United Arab Emirates,99.008,Gamaleya - Gam-Covid-Vac
United Arab Emirates,99.008,Gamaleya - Sputnik-Light
United Arab Emirates,99.008,Janssen - Ad26.COV 2-S
United Arab Emirates,99.008,Moderna - Spikevax
United Arab Emirates,99.008,Pfizer BioNTech - Comirnaty
United Arab Emirates,99.008,SII - Covishield
United Arab Emirates,99.008,Sinovac - CoronaVac
United Republic of Tanzania,53.158,Beijing CNBG - BBIBP-CorV
United Republic of Tanzania,53.158,Janssen - Ad26.COV 2-S
United Republic of Tanzania,53.158,Pfizer BioNTech - Comirnaty
United States of America,68.621,Janssen - Ad26.COV 2-S
United States of America,68.621,Moderna - Spikevax
United States of America,68.621,Novavax-NUVAXOVID
United States of America,68.621,Pfizer BioNTech - Comirnaty
Uruguay,83.435,AstraZeneca - Vaxzevria
Uruguay,83.435,Pfizer BioNTech - Comirnaty
Uruguay,83.435,Sinovac - CoronaVac
Uzbekistan,54.084,Anhui ZL - Zifivax
Uzbekistan,54.084,Gamaleya - Gam-Covid-Vac
Uzbekistan,54.084,Gamaleya - Sputnik-Light
Uzbekistan,54.084,Moderna - Spikevax
Uzbekistan,54.084,Pfizer BioNTech - Comirnaty
Uzbekistan,54.084,SII - Covishield
Uzbekistan,54.084,Sinovac - CoronaVac
Uzbekistan,54.084,Unknown Vaccine
Vanuatu,42.749,AstraZeneca - Vaxzevria
Vanuatu,42.749,Beijing CNBG - BBIBP-CorV
Vanuatu,42.749,Janssen - Ad26.COV 2-S
Venezuela (Bolivarian Republic of),50.244,Beijing CNBG - BBIBP-CorV
Venezuela (Bolivarian Republic of),50.244,CIGB - CIGB-66
Venezuela (Bolivarian Republic of),50.244,Finlay - Soberana-02
Venezuela (Bolivarian Republic of),50.244,Gamaleya - Gam-Covid-Vac
Venezuela (Bolivarian Republic of),50.244,Gamaleya - Sputnik-Light
Venezuela (Bolivarian Republic of),50.244,Sinovac - CoronaVac
Viet Nam,88.281,AstraZeneca - Vaxzevria
Viet Nam,88.281,Beijing CNBG - BBIBP-CorV
Viet Nam,88.281,CIGB - CIGB-66
Viet Nam,88.281,Gamaleya - Gam-Covid-Vac
Viet Nam,88.281,Moderna - Spikevax
Viet Nam,88.281,Pfizer BioNTech - Comirnaty
Wallis and Futuna,62.147,Moderna - Spikevax
Yemen,2.589,AstraZeneca - Vaxzevria
Yemen,2.589,Beijing CNBG - BBIBP-CorV
Yemen,2.589,Bharat - Covaxin
Yemen,2.589,CanSino - Convidecia
Yemen,2.589,Gamaleya - Gam-Covid-Vac
Yemen,2.589,Gamaleya - Sputnik-Light
Yemen,2.589,Janssen - Ad26.COV 2-S
Yemen,2.589,Moderna - Spikevax
Yemen,2.589,Pfizer BioNTech - Comirnaty
Yemen,2.589,SII - Covishield
Yemen,2.589,Sinovac - CoronaVac
Zambia,47.287,Beijing CNBG - BBIBP-CorV
Zambia,47.287,Janssen - Ad26.COV 2-S
Zambia,47.287,SII - Covishield
Zimbabwe,33.412,Beijing CNBG - BBIBP-CorV
Zimbabwe,33.412,Bharat - Covaxin
Zimbabwe,33.412,Gamaleya - Gam-Covid-Vac
Zimbabwe,33.412,Sinovac - CoronaVac
